[{"model": "contenttypes.contenttype", "pk": 1, "fields": {"app_label": "admin", "model": "logentry"}}, {"model": "contenttypes.contenttype", "pk": 2, "fields": {"app_label": "auth", "model": "permission"}}, {"model": "contenttypes.contenttype", "pk": 3, "fields": {"app_label": "auth", "model": "group"}}, {"model": "contenttypes.contenttype", "pk": 4, "fields": {"app_label": "contenttypes", "model": "contenttype"}}, {"model": "contenttypes.contenttype", "pk": 5, "fields": {"app_label": "sessions", "model": "session"}}, {"model": "contenttypes.contenttype", "pk": 6, "fields": {"app_label": "posts", "model": "comment"}}, {"model": "contenttypes.contenttype", "pk": 7, "fields": {"app_label": "posts", "model": "follow"}}, {"model": "contenttypes.contenttype", "pk": 8, "fields": {"app_label": "posts", "model": "group"}}, {"model": "contenttypes.contenttype", "pk": 9, "fields": {"app_label": "posts", "model": "post"}}, {"model": "contenttypes.contenttype", "pk": 10, "fields": {"app_label": "users", "model": "user"}}, {"model": "contenttypes.contenttype", "pk": 11, "fields": {"app_label": "thumbnail", "model": "kvstore"}}, {"model": "sessions.session", "pk": "d37ptx033jl5309dehcvcgsc43b5w67j", "fields": {"session_data": "OWNhODk0MzBiNTg1MjQzMDI0ODJjOTBhOWU2MDE1NzRmYWUxZTMwZDp7Il9hdXRoX3VzZXJfaWQiOiIxIiwiX2F1dGhfdXNlcl9iYWNrZW5kIjoiZGphbmdvLmNvbnRyaWIuYXV0aC5iYWNrZW5kcy5Nb2RlbEJhY2tlbmQiLCJfYXV0aF91c2VyX2hhc2giOiIyMmFhNjdjZDg2ZGY1NWZkZDA3YTBhNDFkOGZmODk4NDhjYmRkM2EwIn0=", "expire_date": "2022-11-16T18:38:07.267Z"}}, {"model": "posts.group", "pk": 1, "fields": {"title": "\u041a\u043e\u0441\u043c\u043e\u0441", "slug": "kosmos", "description": "\u0413\u0440\u0443\u043f\u043f\u0430 \u043b\u044e\u0431\u0438\u0442\u0435\u043b\u0435\u0439 \u0430\u0441\u0442\u0440\u043e\u043d\u043e\u043c\u0438\u0438 \u0438 \u043a\u043e\u0441\u043c\u043e\u0441\u0430"}}, {"model": "posts.group", "pk": 2, "fields": {"title": "\u0410\u0432\u0442\u043e\u043c\u0430\u0442\u0438\u0437\u0438\u0440\u043e\u0432\u0430\u043d\u043d\u044b\u0435 \u0442\u0435\u0441\u0442\u044b", "slug": "avtomatizirovannye-testy", "description": "\u0413\u0440\u0443\u043f\u043f\u0430 \u043b\u044e\u0431\u0438\u0442\u0435\u043b\u0435\u0439 \u0430\u0432\u0442\u043e\u043c\u0430\u0442\u0438\u0437\u0438\u0440\u043e\u0432\u0430\u043d\u043d\u044b\u0445 \u0442\u0435\u0441\u0442\u043e\u0432"}}, {"model": "posts.group", "pk": 4, "fields": {"title": "\u0420\u0443\u0441\u0441\u043a\u0430\u044f \u043b\u0438\u0442\u0435\u0440\u0430\u0442\u0443\u0440\u0430", "slug": "russkaya-literatura", "description": "\u0413\u0440\u0443\u043f\u043f\u0430 \u043b\u044e\u0431\u0438\u0442\u0435\u043b\u0435\u0439 \u0440\u0443\u0441\u0441\u043a\u0438\u0445 \u043a\u043b\u0430\u0441\u0441\u0438\u043a\u043e\u0432"}}, {"model": "thumbnail.kvstore", "pk": "sorl-thumbnail||image||0cabddac85f03926f989c9d82d5e12a3", "fields": {"value": "{\"name\": \"users/Tolstoi_LIzyXva.jpg\", \"storage\": \"django.core.files.storage.FileSystemStorage\", \"size\": [300, 300]}"}}, {"model": "thumbnail.kvstore", "pk": "sorl-thumbnail||image||1c43b2cd00684d0beb46ba7b6af56873", "fields": {"value": "{\"name\": \"cache/e1/af/e1af54785d6b77feeb503777ebdeac0c.jpg\", \"storage\": \"django.core.files.storage.FileSystemStorage\", \"size\": [300, 300]}"}}, {"model": "thumbnail.kvstore", "pk": "sorl-thumbnail||image||1feafffdffff54e430c57919bd76f3b5", "fields": {"value": "{\"name\": \"cache/ba/d8/bad877a4389a58dc4bc11d5200785a93.jpg\", \"storage\": \"django.core.files.storage.FileSystemStorage\", \"size\": [960, 350]}"}}, {"model": "thumbnail.kvstore", "pk": "sorl-thumbnail||image||32c42639e278837da48c867e1a7fbdf2", "fields": {"value": "{\"name\": \"cache/7b/fa/7bfaf33f73a07477ae283fccd9070b94.jpg\", \"storage\": \"django.core.files.storage.FileSystemStorage\", \"size\": [960, 500]}"}}, {"model": "thumbnail.kvstore", "pk": "sorl-thumbnail||image||38ab0d0a73f4fbef4bb22e15cdc7878a", "fields": {"value": "{\"name\": \"cache/66/fe/66fe2aefb4cc0c5cd32e20adff3c7a92.jpg\", \"storage\": \"django.core.files.storage.FileSystemStorage\", \"size\": [300, 300]}"}}, {"model": "thumbnail.kvstore", "pk": "sorl-thumbnail||image||3d54d574e8846e817f6902b09273b03f", "fields": {"value": "{\"name\": \"posts/world.jpg\", \"storage\": \"django.core.files.storage.FileSystemStorage\", \"size\": [1170, 658]}"}}, {"model": "thumbnail.kvstore", "pk": "sorl-thumbnail||image||43a748eb28a6eec9c1ee34806cb59b7e", "fields": {"value": "{\"name\": \"users/Tolstoi_4UOLwdN.jpg\", \"storage\": \"django.core.files.storage.FileSystemStorage\", \"size\": [300, 300]}"}}, {"model": "thumbnail.kvstore", "pk": "sorl-thumbnail||image||48ac32f269cb46c91b2f0bf5df43e8c4", "fields": {"value": "{\"name\": \"posts/Cosmos_HMk0Q3v.jpg\", \"storage\": \"django.core.files.storage.FileSystemStorage\", \"size\": [2000, 1165]}"}}, {"model": "thumbnail.kvstore", "pk": "sorl-thumbnail||image||500fe084d52c7bbf24df56830fe40f9e", "fields": {"value": "{\"name\": \"cache/51/eb/51eb9b9c0bd9adb6d695f15565acdb1d.jpg\", \"storage\": \"django.core.files.storage.FileSystemStorage\", \"size\": [960, 350]}"}}, {"model": "thumbnail.kvstore", "pk": "sorl-thumbnail||image||5c022e74400dfd35b12321a3dc005209", "fields": {"value": "{\"name\": \"users/bearded-man-avatar-man-vector-portrait_9385-36.webp\", \"storage\": \"django.core.files.storage.FileSystemStorage\", \"size\": [626, 626]}"}}, {"model": "thumbnail.kvstore", "pk": "sorl-thumbnail||image||6fe88d46fc63223ec5eb36905da279bb", "fields": {"value": "{\"name\": \"cache/28/93/28935b77dd0be43641e691775cdaa60b.jpg\", \"storage\": \"django.core.files.storage.FileSystemStorage\", \"size\": [300, 300]}"}}, {"model": "thumbnail.kvstore", "pk": "sorl-thumbnail||image||7922d604b0334398edb9abd95a5700d4", "fields": {"value": "{\"name\": \"users/admin_ZYgQZ2L.jpg\", \"storage\": \"django.core.files.storage.FileSystemStorage\", \"size\": [300, 300]}"}}, {"model": "thumbnail.kvstore", "pk": "sorl-thumbnail||image||8c79a4d567e1604073f83da764a31599", "fields": {"value": "{\"name\": \"cache/d7/e9/d7e976b3f2ce6f191f19d4409fcd9f20.jpg\", \"storage\": \"django.core.files.storage.FileSystemStorage\", \"size\": [960, 500]}"}}, {"model": "thumbnail.kvstore", "pk": "sorl-thumbnail||image||9023504d12ca1653ee5180284d590ad3", "fields": {"value": "{\"name\": \"cache/1b/9d/1b9dd722dd65397e472ef5f0c191599e.jpg\", \"storage\": \"django.core.files.storage.FileSystemStorage\", \"size\": [300, 300]}"}}, {"model": "thumbnail.kvstore", "pk": "sorl-thumbnail||image||a533709689ec65fec0474311a799fa7a", "fields": {"value": "{\"name\": \"posts/Cosmos_krWp81J.jpg\", \"storage\": \"django.core.files.storage.FileSystemStorage\", \"size\": [2000, 1165]}"}}, {"model": "thumbnail.kvstore", "pk": "sorl-thumbnail||image||b67d0c23bc1c5b98da980ba8cb19ad9f", "fields": {"value": "{\"name\": \"cache/91/d2/91d287bfb444ff63b66ebff916ade26f.jpg\", \"storage\": \"django.core.files.storage.FileSystemStorage\", \"size\": [960, 350]}"}}, {"model": "thumbnail.kvstore", "pk": "sorl-thumbnail||image||bbb09b4dc64312807c650e019341d679", "fields": {"value": "{\"name\": \"cache/f2/1e/f21ec01b6a08103fda167c35f86e4df7.jpg\", \"storage\": \"django.core.files.storage.FileSystemStorage\", \"size\": [960, 500]}"}}, {"model": "thumbnail.kvstore", "pk": "sorl-thumbnail||image||d59571083a53809ecf059b289dc1fe26", "fields": {"value": "{\"name\": \"cache/c7/24/c724ebf4cd78056e7b116deb20f5cfc5.jpg\", \"storage\": \"django.core.files.storage.FileSystemStorage\", \"size\": [300, 300]}"}}, {"model": "thumbnail.kvstore", "pk": "sorl-thumbnail||image||f035550bfeaa292044dc0ba8a2683eb5", "fields": {"value": "{\"name\": \"users/admin_ogMLhAG.jpg\", \"storage\": \"django.core.files.storage.FileSystemStorage\", \"size\": [300, 300]}"}}, {"model": "thumbnail.kvstore", "pk": "sorl-thumbnail||image||f56c694edf1259e86deac4d48f6821c8", "fields": {"value": "{\"name\": \"cache/68/a2/68a241ebada9da1698549aa5023d7304.jpg\", \"storage\": \"django.core.files.storage.FileSystemStorage\", \"size\": [960, 500]}"}}, {"model": "thumbnail.kvstore", "pk": "sorl-thumbnail||image||f87102044b602c1dfe1a4b9f63fc83de", "fields": {"value": "{\"name\": \"cache/09/83/0983c1df7f530f02403082debeef6221.jpg\", \"storage\": \"django.core.files.storage.FileSystemStorage\", \"size\": [960, 350]}"}}, {"model": "thumbnail.kvstore", "pk": "sorl-thumbnail||image||fcdf886fe01b6ccf96a1bfbdbc01b0ec", "fields": {"value": "{\"name\": \"posts/\\u041e\\u043d\\u043b\\u0430\\u0439\\u043d-\\u0442\\u0435\\u0441\\u0442\\u0438\\u0440\\u043e\\u0432\\u0430\\u043d\\u0438\\u0435_DfxHqSN.jpg\", \"storage\": \"django.core.files.storage.FileSystemStorage\", \"size\": [870, 400]}"}}, {"model": "thumbnail.kvstore", "pk": "sorl-thumbnail||thumbnails||0cabddac85f03926f989c9d82d5e12a3", "fields": {"value": "[\"38ab0d0a73f4fbef4bb22e15cdc7878a\"]"}}, {"model": "thumbnail.kvstore", "pk": "sorl-thumbnail||thumbnails||3d54d574e8846e817f6902b09273b03f", "fields": {"value": "[\"f87102044b602c1dfe1a4b9f63fc83de\", \"32c42639e278837da48c867e1a7fbdf2\"]"}}, {"model": "thumbnail.kvstore", "pk": "sorl-thumbnail||thumbnails||43a748eb28a6eec9c1ee34806cb59b7e", "fields": {"value": "[\"d59571083a53809ecf059b289dc1fe26\"]"}}, {"model": "thumbnail.kvstore", "pk": "sorl-thumbnail||thumbnails||48ac32f269cb46c91b2f0bf5df43e8c4", "fields": {"value": "[\"500fe084d52c7bbf24df56830fe40f9e\", \"f56c694edf1259e86deac4d48f6821c8\"]"}}, {"model": "thumbnail.kvstore", "pk": "sorl-thumbnail||thumbnails||5c022e74400dfd35b12321a3dc005209", "fields": {"value": "[\"6fe88d46fc63223ec5eb36905da279bb\"]"}}, {"model": "thumbnail.kvstore", "pk": "sorl-thumbnail||thumbnails||7922d604b0334398edb9abd95a5700d4", "fields": {"value": "[\"1c43b2cd00684d0beb46ba7b6af56873\"]"}}, {"model": "thumbnail.kvstore", "pk": "sorl-thumbnail||thumbnails||a533709689ec65fec0474311a799fa7a", "fields": {"value": "[\"1feafffdffff54e430c57919bd76f3b5\", \"8c79a4d567e1604073f83da764a31599\"]"}}, {"model": "thumbnail.kvstore", "pk": "sorl-thumbnail||thumbnails||f035550bfeaa292044dc0ba8a2683eb5", "fields": {"value": "[\"9023504d12ca1653ee5180284d590ad3\"]"}}, {"model": "thumbnail.kvstore", "pk": "sorl-thumbnail||thumbnails||fcdf886fe01b6ccf96a1bfbdbc01b0ec", "fields": {"value": "[\"bbb09b4dc64312807c650e019341d679\", \"b67d0c23bc1c5b98da980ba8cb19ad9f\"]"}}, {"model": "auth.permission", "pk": 1, "fields": {"name": "Can add log entry", "content_type": 1, "codename": "add_logentry"}}, {"model": "auth.permission", "pk": 2, "fields": {"name": "Can change log entry", "content_type": 1, "codename": "change_logentry"}}, {"model": "auth.permission", "pk": 3, "fields": {"name": "Can delete log entry", "content_type": 1, "codename": "delete_logentry"}}, {"model": "auth.permission", "pk": 4, "fields": {"name": "Can view log entry", "content_type": 1, "codename": "view_logentry"}}, {"model": "auth.permission", "pk": 5, "fields": {"name": "Can add permission", "content_type": 2, "codename": "add_permission"}}, {"model": "auth.permission", "pk": 6, "fields": {"name": "Can change permission", "content_type": 2, "codename": "change_permission"}}, {"model": "auth.permission", "pk": 7, "fields": {"name": "Can delete permission", "content_type": 2, "codename": "delete_permission"}}, {"model": "auth.permission", "pk": 8, "fields": {"name": "Can view permission", "content_type": 2, "codename": "view_permission"}}, {"model": "auth.permission", "pk": 9, "fields": {"name": "Can add group", "content_type": 3, "codename": "add_group"}}, {"model": "auth.permission", "pk": 10, "fields": {"name": "Can change group", "content_type": 3, "codename": "change_group"}}, {"model": "auth.permission", "pk": 11, "fields": {"name": "Can delete group", "content_type": 3, "codename": "delete_group"}}, {"model": "auth.permission", "pk": 12, "fields": {"name": "Can view group", "content_type": 3, "codename": "view_group"}}, {"model": "auth.permission", "pk": 13, "fields": {"name": "Can add content type", "content_type": 4, "codename": "add_contenttype"}}, {"model": "auth.permission", "pk": 14, "fields": {"name": "Can change content type", "content_type": 4, "codename": "change_contenttype"}}, {"model": "auth.permission", "pk": 15, "fields": {"name": "Can delete content type", "content_type": 4, "codename": "delete_contenttype"}}, {"model": "auth.permission", "pk": 16, "fields": {"name": "Can view content type", "content_type": 4, "codename": "view_contenttype"}}, {"model": "auth.permission", "pk": 17, "fields": {"name": "Can add session", "content_type": 5, "codename": "add_session"}}, {"model": "auth.permission", "pk": 18, "fields": {"name": "Can change session", "content_type": 5, "codename": "change_session"}}, {"model": "auth.permission", "pk": 19, "fields": {"name": "Can delete session", "content_type": 5, "codename": "delete_session"}}, {"model": "auth.permission", "pk": 20, "fields": {"name": "Can view session", "content_type": 5, "codename": "view_session"}}, {"model": "auth.permission", "pk": 21, "fields": {"name": "Can add \u043a\u043e\u043c\u043c\u0435\u043d\u0442\u0430\u0440\u0438\u0439", "content_type": 6, "codename": "add_comment"}}, {"model": "auth.permission", "pk": 22, "fields": {"name": "Can change \u043a\u043e\u043c\u043c\u0435\u043d\u0442\u0430\u0440\u0438\u0439", "content_type": 6, "codename": "change_comment"}}, {"model": "auth.permission", "pk": 23, "fields": {"name": "Can delete \u043a\u043e\u043c\u043c\u0435\u043d\u0442\u0430\u0440\u0438\u0439", "content_type": 6, "codename": "delete_comment"}}, {"model": "auth.permission", "pk": 24, "fields": {"name": "Can view \u043a\u043e\u043c\u043c\u0435\u043d\u0442\u0430\u0440\u0438\u0439", "content_type": 6, "codename": "view_comment"}}, {"model": "auth.permission", "pk": 25, "fields": {"name": "Can add \u043f\u043e\u0434\u043f\u0438\u0441\u0447\u0438\u043a", "content_type": 7, "codename": "add_follow"}}, {"model": "auth.permission", "pk": 26, "fields": {"name": "Can change \u043f\u043e\u0434\u043f\u0438\u0441\u0447\u0438\u043a", "content_type": 7, "codename": "change_follow"}}, {"model": "auth.permission", "pk": 27, "fields": {"name": "Can delete \u043f\u043e\u0434\u043f\u0438\u0441\u0447\u0438\u043a", "content_type": 7, "codename": "delete_follow"}}, {"model": "auth.permission", "pk": 28, "fields": {"name": "Can view \u043f\u043e\u0434\u043f\u0438\u0441\u0447\u0438\u043a", "content_type": 7, "codename": "view_follow"}}, {"model": "auth.permission", "pk": 29, "fields": {"name": "Can add \u0441\u043e\u043e\u0431\u0449\u0435\u0441\u0442\u0432\u043e", "content_type": 8, "codename": "add_group"}}, {"model": "auth.permission", "pk": 30, "fields": {"name": "Can change \u0441\u043e\u043e\u0431\u0449\u0435\u0441\u0442\u0432\u043e", "content_type": 8, "codename": "change_group"}}, {"model": "auth.permission", "pk": 31, "fields": {"name": "Can delete \u0441\u043e\u043e\u0431\u0449\u0435\u0441\u0442\u0432\u043e", "content_type": 8, "codename": "delete_group"}}, {"model": "auth.permission", "pk": 32, "fields": {"name": "Can view \u0441\u043e\u043e\u0431\u0449\u0435\u0441\u0442\u0432\u043e", "content_type": 8, "codename": "view_group"}}, {"model": "auth.permission", "pk": 33, "fields": {"name": "Can add \u0437\u0430\u043f\u0438\u0441\u044c", "content_type": 9, "codename": "add_post"}}, {"model": "auth.permission", "pk": 34, "fields": {"name": "Can change \u0437\u0430\u043f\u0438\u0441\u044c", "content_type": 9, "codename": "change_post"}}, {"model": "auth.permission", "pk": 35, "fields": {"name": "Can delete \u0437\u0430\u043f\u0438\u0441\u044c", "content_type": 9, "codename": "delete_post"}}, {"model": "auth.permission", "pk": 36, "fields": {"name": "Can view \u0437\u0430\u043f\u0438\u0441\u044c", "content_type": 9, "codename": "view_post"}}, {"model": "auth.permission", "pk": 37, "fields": {"name": "Can add \u043f\u043e\u043b\u044c\u0437\u043e\u0432\u0430\u0442\u0435\u043b\u044c", "content_type": 10, "codename": "add_user"}}, {"model": "auth.permission", "pk": 38, "fields": {"name": "Can change \u043f\u043e\u043b\u044c\u0437\u043e\u0432\u0430\u0442\u0435\u043b\u044c", "content_type": 10, "codename": "change_user"}}, {"model": "auth.permission", "pk": 39, "fields": {"name": "Can delete \u043f\u043e\u043b\u044c\u0437\u043e\u0432\u0430\u0442\u0435\u043b\u044c", "content_type": 10, "codename": "delete_user"}}, {"model": "auth.permission", "pk": 40, "fields": {"name": "Can view \u043f\u043e\u043b\u044c\u0437\u043e\u0432\u0430\u0442\u0435\u043b\u044c", "content_type": 10, "codename": "view_user"}}, {"model": "auth.permission", "pk": 41, "fields": {"name": "Can add kv store", "content_type": 11, "codename": "add_kvstore"}}, {"model": "auth.permission", "pk": 42, "fields": {"name": "Can change kv store", "content_type": 11, "codename": "change_kvstore"}}, {"model": "auth.permission", "pk": 43, "fields": {"name": "Can delete kv store", "content_type": 11, "codename": "delete_kvstore"}}, {"model": "auth.permission", "pk": 44, "fields": {"name": "Can view kv store", "content_type": 11, "codename": "view_kvstore"}}, {"model": "users.user", "pk": 1, "fields": {"password": "pbkdf2_sha256$150000$OHxFcT1yzRye$il1OVVytkUChjUn4IUn5c0JNRFTxCo78HUSV9V5UvhU=", "last_login": "2022-11-02T18:38:07Z", "is_superuser": true, "username": "admin", "first_name": "Admin", "last_name": "Adminov", "email": "admin@admin.ru", "is_staff": true, "is_active": true, "date_joined": "2022-11-01T20:55:16Z", "profile_pic": "users/admin_ZYgQZ2L.jpg", "city": "\u0415\u043a\u0430\u0442\u0435\u0440\u0438\u043d\u0431\u0443\u0440\u0433", "vk": "mitya_sun", "telegram": "mityasun", "instagram": "mityasun", "git": "mityasun", "groups": [], "user_permissions": []}}, {"model": "users.user", "pk": 2, "fields": {"password": "pbkdf2_sha256$150000$m4dOp614hfKP$R8H1M+o9Cc1C/jygyrPtnudVrtG/5u/nUU9DpA4b0HU=", "last_login": null, "is_superuser": false, "username": "leo", "first_name": "\u041b\u0435\u0432", "last_name": "\u0422\u043e\u043b\u0441\u0442\u043e\u0439", "email": "leo@leo.ru", "is_staff": false, "is_active": true, "date_joined": "2022-11-01T20:58:56Z", "profile_pic": "users/Tolstoi_4UOLwdN.jpg", "city": "\u041a\u0440\u0430\u0441\u043d\u0430\u044f \u043f\u043e\u043b\u044f\u043d\u0430", "vk": null, "telegram": null, "instagram": null, "git": null, "groups": [], "user_permissions": []}}, {"model": "posts.follow", "pk": 3, "fields": {"user": 1, "following": 2}}, {"model": "posts.follow", "pk": 4, "fields": {"user": 2, "following": 1}}, {"model": "posts.comment", "pk": 17, "fields": {"text": "\u041f\u0440\u0438\u0432\u0435\u0442!", "created": "2022-11-02T20:40:22.294Z", "author": 1, "post": 17}}, {"model": "posts.comment", "pk": 18, "fields": {"text": "\u0418 \u044f \u0442\u043e\u0436\u0435 \u043f\u0435\u0440\u0435\u0434\u0430\u044e \u0432\u0441\u0435\u043c \u043f\u0440\u0438\u0432\u0435\u0442!", "created": "2022-11-02T20:40:46.740Z", "author": 2, "post": 17}}, {"model": "posts.comment", "pk": 19, "fields": {"text": "\u041b\u044e\u0431\u043b\u044e, \u043d\u043e \u043d\u0435 \u0432\u0441\u0435\u043c \u0441\u0435\u0440\u0434\u0446\u0435\u043c :)", "created": "2022-11-02T20:41:15.692Z", "author": 1, "post": 16}}, {"model": "posts.post", "pk": 3, "fields": {"text": "[\u0424\u043e\u043a\u0448\u0430\u043d\u044b.] \u0415\u0449\u0435 \u043f\u0435\u0440\u0435\u0445\u043e\u0434\u044a \u0434\u043e \u0424\u043e\u043a\u0448\u0430\u043d\u044a, \u0432\u043e \u0432\u0440\u0435\u043c\u044f \u043a\u043e\u0442\u043e\u0440\u0430\u0433\u043e \u044f \u0463\u0445\u0430\u043b\u044a \u0441\u044a \u041c\u043e\u043d\u0433\u043e. \u0427\u0435\u043b\u043e\u0432\u0463\u043a\u044a \u043f\u0443\u0441\u0442\u043e\u0439, \u043d\u043e \u0441\u044a \u0442\u0432\u0435\u0440\u0434\u044b\u043c\u0438, \u0445\u043e\u0442\u044f \u0438 \u043b\u043e\u0436\u043d\u044b\u043c\u0438 \u0443\u0431\u0463\u0436\u0434\u0435\u043d\u0456\u044f\u043c\u0438. \u0413\u0435\u043d\u0435\u0440\u0430\u043b[\u0443] \u043f\u043e \u044d\u0442\u043e\u043c\u0443 \u0434\u043e\u043b\u0436\u043d\u043e \u0431\u044b\u0442\u044c \u0441\u043b\u0443\u0447\u0430\u044e, \u0443\u0433\u043e\u0434\u043d\u043e \u0431\u044b\u043b\u043e \u0441\u043f\u0440\u0430\u0448\u0438\u0432\u0430\u0442\u044c \u043e \u043c\u043e\u0435\u043c\u044a \u0437\u0434\u043e\u0440\u043e\u0432\u044c\u0438. \u0421\u0432\u0438\u043d\u044c\u044f! \u041a[\u043e]\u0432\u044b\u0440\u044f\u043b\u044a \u043d\u043e\u0441\u044a \u0438 \u043d\u0438\u0447\u0435\u0433\u043e \u043d\u0435 \u043d\u0430\u043f\u0438\u0441\u0430\u043b\u044a \u2014 \u0432\u043e\u0442\u044a 2 \u0443\u043f\u0440\u0435\u043a\u0430 \u0437\u0430 \u043d\u044b\u043d[\u0463\u0448\u043d\u0456\u0439] \u0434\u0435\u043d\u044c. \u041f\u043e\u0441\u043b\u0463\u0434\u043d\u0456\u0439 \u0443\u043f\u0440\u0435\u043a\u044a \u0441\u0442\u0430\u043d\u043e\u0432\u0438\u0442\u0441\u044f \u0441\u043b\u0438\u0448\u043a\u043e\u043c\u044a \u0447\u0430\u0441\u0442\u044a, \u0445\u043e\u0442\u044f \u043f\u043e\u0445\u043e\u0434\u044a \u0438 \u043c\u043e\u0436\u0435\u0442\u044a \u0441\u043b\u0443\u0436\u0438\u0442\u044c \u0432\u044a \u043d\u0435\u043c\u044a \u043e\u0442\u0447\u0430\u0441\u0442\u0438 \u0438\u0437\u0432\u0438\u043d\u0435\u043d\u0456\u0435\u043c\u044a. \u041e\u0442\u043d\u043e\u0448\u0435\u043d\u0456\u044f \u043c\u043e\u0438 \u0441\u044a \u0442\u043e\u0432\u0430\u0440\u0438\u0449\u0430\u043c\u0438 \u0441\u0442\u0430\u043d\u043e\u0432\u044f\u0442\u0441\u044f \u0442\u0430\u043a\u044a \u043f\u0440\u0456\u044f\u0442\u043d\u044b, \u0447\u0442\u043e \u043c\u043d\u0463 \u0436\u0430\u043b\u043a\u043e \u0431\u0440\u043e\u0441\u0438\u0442\u044c \u0448\u0442\u0430\u0431\u044a. \u0417\u0434\u043e\u0440\u043e\u0432\u044c\u0435 \u043a\u0430\u0436\u0435\u0442\u0441\u044f (2) \u043b\u0443\u0447\u0448\u0435.", "pub_date": "2022-11-01T21:07:13.308Z", "author": 2, "group": 4, "image": ""}}, {"model": "posts.post", "pk": 5, "fields": {"text": "[\u0420\u044b\u043c\u043d\u0438\u043a.] \u0421\u0434\u0463\u043b\u0430\u043b\u044a \u0432\u0435\u0440\u0445\u043e\u043c\u044a \u043f\u0435\u0440\u0435\u0445\u043e\u0434\u044a \u0434\u043e \u0420\u044b\u043c\u043d\u0438\u043a\u0430. [[5]] \u0421\u0442\u0430\u0440\u0438\u043a\u044a \u0432\u0441\u0435 \u043d\u0435 \u043a\u043b\u0430\u043d\u044f\u0435\u0442\u0441\u044f \u043c\u043d\u0463. \u041e\u0431\u0463 \u0432\u0435\u0449\u0438 \u044d\u0442\u0438 \u0437\u043b\u044f\u0442\u044a \u043c\u0435\u043d\u044f. \u0421\u044a \u0432\u0441\u0442\u0440\u0463\u0447\u0430\u0432\u0448\u0438\u043c\u0438\u0441\u044f \u0431\u0430\u0448\u0438-\u0431\u0443\u0437\u0443\u043a\u0430\u043c\u0438 \u0432\u0435\u043b\u044a \u0441\u0435\u0431\u044f \u0445\u043e\u0440\u043e\u0448\u043e. \u041e\u0431\u044a\u044f\u0441\u043d\u0438\u043b\u0441\u044f \u0441\u044a \u041a\u0440\u044b\u0436\u0430\u043d\u043e\u0432\u0441\u043a\u0438\u043c\u044a. \u041e\u043d\u044a, \u043d\u0435 \u0437\u043d\u0430\u044e \u0437\u0430\u0447\u0463\u043c\u044a, \u0441\u043e\u0432\u0463\u0442\u0443\u0435\u0442\u044a \u043c\u043d\u0463 \u043f\u0440\u0438\u043a\u043e\u043c\u0430\u043d\u0434\u0438\u0440\u043e\u0432\u0430\u0442\u044c\u0441\u044f \u043a\u044a \u043a\u0430\u0437\u0430\u0447\u044c\u0435\u0439 \u0431\u0430\u0442\u0430\u0440\u0435\u0463; \u0441\u043e\u0432\u0463\u0442\u044a, \u043a\u043e\u0442\u043e\u0440\u043e\u043c\u0443 \u044f \u043d\u0435 \u043f\u043e\u0441\u043b\u0463\u0434\u0443\u044e. \u0416\u0435\u043b\u0447\u043d\u043e \u0441\u043f\u043e\u0440\u0438\u043b\u044a \u0432\u0435\u0447\u0435\u0440\u043e\u043c\u044a \u0441\u044a \u0424\u0440\u0438\u0434\u0435 \u0438 \u0411\u0430\u0431\u0430\u0440\u044b\u043a\u0438\u043d\u044b\u043c\u044a, \u0440\u0443\u0433\u0430\u043b\u044a \u0421\u0435\u0440\u0436\u043f\u0443\u0442\u043e\u0432\u0441\u043a\u043e\u043c\u0443 \u0438 \u043d\u0438\u0447\u0435\u0433\u043e \u043d\u0435 \u0441\u0434\u0463\u043b\u0430\u043b\u044a, \u0432\u043e\u0442\u044a 3 \u0443\u043f\u0440\u0435\u043a\u0430, \u043a\u043e\u0442\u043e\u0440\u044b\u044f \u0434\u0463\u043b\u0430\u044e \u0441\u0435\u0431\u0463 \u0437\u0430 \u043d\u044b\u043d\u0463\u0448\u043d\u0456\u0439 \u0434\u0435\u043d\u044c. (3)", "pub_date": "2022-11-01T21:09:25.781Z", "author": 2, "group": 4, "image": ""}}, {"model": "posts.post", "pk": 6, "fields": {"text": "\u0418\u0441\u043f\u0440\u0430\u0432\u043b\u0435\u043d\u0456\u0435 \u043c\u043e\u0435 \u0438\u0434\u0435\u0442\u044a \u043f\u0440\u0435\u043a\u0440\u0430\u0441\u043d\u043e. \u042f \u0447\u0443\u0432\u0441\u0442\u0432\u0443\u044e, \u043a\u0430\u043a\u044a \u043e\u0442\u043d\u043e\u0448\u0435\u043d\u0456\u044f \u043c\u043e\u0438 \u0441\u0442\u0430\u043d\u043e\u0432\u044f\u0442\u0441\u044f \u043f\u0440\u0456\u044f\u0442\u043d\u044b \u0438 \u043b\u0435\u0433\u043a\u0438 \u0441\u044a \u043b\u044e\u0434\u044c\u043c\u0438 \u0432\u0441\u044f\u043a\u0430\u0433\u043e \u0440\u043e\u0434\u0430, \u0441\u044a \u0442\u0463\u0445\u044a \u043f\u043e\u0440\u044a \u043a\u0430\u043a\u044a \u044f \u0440\u0463\u0448\u0438\u043b\u0441\u044f \u0431\u044b\u0442\u044c \u0441\u043a\u0440\u043e\u043c\u043d\u044b\u043c\u044a \u0438 \u0443\u0431\u0463\u0434\u0438\u043b\u0441\u044f \u0432\u044a \u0442\u043e\u043c\u044a, \u0447\u0442\u043e \u043a\u0430\u0437\u0430\u0442\u044c\u0441\u044f \u0432\u0441\u0435\u0433\u0434\u0430 \u0432\u0435\u043b\u0438\u0447\u0435\u0441\u0442\u0432\u0435\u043d\u043d\u044b\u043c\u044a \u0438 \u043d\u0435\u043f\u043e\u0433\u0440\u0463\u0448\u043d\u044b\u043c\u044a \u0432\u043e\u0432\u0441\u0435 \u043d\u0435 \u0435\u0441\u0442\u044c \u043d\u0435\u043e\u0431\u0445\u043e\u0434\u0438\u043c\u043e\u0441\u0442\u044c. \u042f \u043e\u0447\u0435\u043d\u044c \u0432\u0435\u0441\u0435\u043b\u044a. \u0418 \u0434\u0430\u0439 \u0411\u043e\u0433\u044a, \u043a\u0430\u043a\u044a \u043c\u043d\u0463 \u043a\u0430\u0436\u0435\u0442\u0441\u044f, \u2014 \u0447\u0442\u043e\u0431\u044b \u0432\u0435\u0441\u0435\u043b\u044c\u0435 \u044d\u0442\u043e \u043f\u0440\u043e\u0438\u0441\u0445\u043e\u0434\u0438\u043b\u043e \u043e\u0442\u044a \u0441\u0430\u043c\u0430\u0433\u043e \u043c\u0435\u043d\u044f; \u043e\u0442\u044a \u0436\u0435\u043b\u0430\u043d\u0456\u0439 \u0432\u0441\u0463\u043c\u044a \u0431\u044b\u0442\u044c \u043f\u0440\u0456\u044f\u0442\u043d\u044b\u043c\u044a, \u0441\u043a\u0440\u043e\u043c\u043d\u043e\u0441\u0442\u0438, \u043d\u0435\u043e\u0431\u0438\u0434\u0447\u0438\u0432\u043e\u0441\u0442\u0438 \u0438 \u0432\u043d\u0438\u043c\u0430\u0442\u0435\u043b\u044c\u043d\u043e\u0441\u0442\u0438 \u0437\u0430 \u0432\u0441\u043f\u044b\u0448\u043a\u0430\u043c\u0438. \u2014 \u0422\u043e\u0433\u0434\u0430 \u0431\u044b \u044f \u0432\u0441\u0435\u0433\u0434\u0430 \u0431\u044b\u043b\u044a \u0432\u0435\u0441\u0435\u043b\u044a \u0438 \u043f\u043e\u0447\u0442\u0438 \u0432\u0441\u0435\u0433\u0434\u0430 \u0441\u0447\u0430\u0441\u0442\u043b\u0438\u0432\u044a. \u0423\u0442\u0440\u043e\u043c\u044a \u0440\u0463\u0448\u0438\u043b\u044a \u0431\u044b\u043b\u043e \u0441\u0438\u0434\u0463\u0442\u044c \u0434\u043e\u043c\u0430, \u043f\u043e\u0437\u0430\u043d\u0438\u043c\u0430\u0442\u044c\u0441\u044f, \u043d\u043e \u0434\u0463\u043b\u043e \u043d\u0435 \u043f\u043e\u0448\u043b\u043e \u0438 \u043d\u0435 \u0443\u0442\u0435\u0440\u043f\u0463\u043b\u044a \u0432\u0435\u0447\u0435\u0440\u043e\u043c\u044a, \u0447\u0442\u043e\u0431\u044b \u043d\u0435 \u043f\u043e\u0439\u0434\u0442\u0438 \u043f\u043e\u0448\u043b\u044f\u0442\u044c\u0441\u044f.\r\n\r\n\u0418\u0434\u044f \u043e\u0442\u044a \u0443\u0436\u0438\u043d\u0430, \u043c\u044b \u0441\u044a \u0422\u0438\u0448\u043a[\u0435\u0432\u0438\u0447\u0435\u043c\u044a] \u043e\u0441\u0442\u0430\u043d\u043e\u0432\u0438\u043b\u0438\u0441\u044c \u0443 \u0431\u0430\u0440\u0434\u0435\u043b\u0438 \u0438 \u043d\u0430\u0441\u044a \u043d\u0430\u043a\u0440\u044b\u043b\u044a \u041a\u0440\u044b\u0436\u0430\u043d\u043e\u0432\u0441\u043a\u0456\u0439, \u0447\u0442\u043e, \u043f\u0440\u0438\u0437\u043d\u0430\u044e\u0441\u044c, \u0431\u044b\u043b\u043e \u043c\u043d\u0463 \u043d\u0435 \u0441\u043e\u0432\u0441\u0463\u043c\u044a \u043f\u0440\u0456\u044f\u0442\u043d\u043e. \u0423\u043f\u0440\u0435\u043a\u0430\u044e \u0441\u0435\u0431\u044f \u0437\u0430 \u0431\u0435\u0437\u0445\u0430\u0440\u0430\u043a\u0442\u0435\u0440\u043d\u043e\u0441\u0442\u044c, \u0447\u0442\u043e \u043d\u0435 \u0432\u044b\u0441\u0438\u0434\u0463\u043b\u044a \u0434\u043e\u043c\u0430, \u0438 \u0437a \u043f\u0440\u0430\u0437\u0434\u043d\u043e\u0441\u0442\u044c \u0446\u0463\u043b\u0430\u0433\u043e \u0434\u043d\u044f. \u042d\u0442\u043e \u0433\u043b\u0430\u0432\u043d\u044b\u0439 \u043f\u0443\u043d\u043a\u0442\u044a. (2)", "pub_date": "2022-11-01T21:09:40.855Z", "author": 2, "group": 4, "image": ""}}, {"model": "posts.post", "pk": 7, "fields": {"text": "\u041f\u0438\u0448\u0443 \u0432\u044a \u0441\u0430\u043c\u043e\u043c\u044a \u043f\u0440\u0456\u044f\u0442\u043d\u043e\u043c\u044a \u0432\u0435\u0441\u0435\u043b\u043e\u043c\u044a \u0440\u0430\u0441\u043f\u043e\u043b\u043e\u0436\u0435\u043d\u0456\u0438 \u0434\u0443\u0445\u0430, \u0432\u044a \u043a\u043e\u0442\u043e\u0440\u043e\u043c\u044a \u044f \u043f\u0440\u043e\u0432\u0435\u043b\u044a \u0432\u0435\u0441\u044c \u0432\u0435\u0447\u0435\u0440\u044a. \u0423\u0442\u0440\u043e \u0447\u0438\u0442\u0430\u043b\u044a, \u043e\u0431\u044a\u0463\u0434\u0430\u043b\u0441\u044f \u0433\u0440\u0443\u0448\u0430\u043c\u0438 \u0438 \u0432\u043c\u0463\u0441\u0442\u043e \u043e\u0431\u0463\u0434\u0430 \u0463\u043b\u044a \u0441\u044b\u0440\u044a. \u041d\u0435\u0441\u043c\u043e\u0442\u0440\u044f \u043d\u0430 \u043a\u0443\u0442\u0435\u0436\u0438 \u0443 \u0421\u0442\u0430\u043b\u044b\u043f\u0438\u043d\u0430 \u0438 \u0421\u0435\u0440\u0436\u043f\u0443\u0442\u043e\u0432\u0441\u043a\u0430\u0433\u043e \u043f\u043e \u0441\u043b\u0443\u0447\u0430\u044e \u043f\u043e\u043b\u0443\u0447\u0435\u043d\u0456\u044f \u043d\u0430\u0433\u0440\u0430\u0434\u044a, \u043d\u0435 \u0437\u0430\u0432\u0438\u0434\u043e\u0432\u0430\u043b\u044a, \u0430 \u043f\u0440\u043e\u0432\u0435\u043b\u044a \u0434\u0435\u043d\u044c \u0432\u0435\u0441\u0435\u043b\u043e. \u0412\u0435\u0447\u0435\u0440\u043e\u043c\u044a \u0445\u0432\u0430\u0442\u0438\u043b\u044a \u0431\u043e\u0441\u043e\u043d\u043e\u0436[\u043a\u0443] \u0438 \u0432\u044b\u043f\u0438\u043b\u044a \u0431\u043e\u043a\u0430\u043b\u0430 \u0434\u0432\u0430 \u0448\u0430\u043c\u043f\u0430\u043d\u0441\u043a\u0430\u0433\u043e \u0441\u044a \u0428\u0432\u0430\u0440\u0446[\u0435\u043c\u044a], \u0412\u0435\u0439\u043b\u0435\u0440\u043e\u0432\u0441\u043a\u0438\u043c\u044a [?] \u0438 \u0413\u0435\u043c\u0431\u0438\u0447\u043e\u043c\u044a, \u043f\u043e\u0442\u043e\u043c\u044a \u0431\u043e\u043b\u0442\u0430\u043b\u044a \u0441\u044a \u0428\u0443\u0431\u0438\u043d\u044b\u043c\u044a \u0438 \u0441\u044a \u0421\u0430\u0448\u0435\u0439 \u0413\u043e\u0440\u0447\u0430\u043a\u043e\u0432\u044b\u043c\u044a. \u2014 \u0418\u0441\u043a\u043b\u044e\u0447\u0430\u044f \u043f\u0440\u0430\u0437\u0434\u043d\u043e\u0441\u0442\u0438, \u0434\u043d\u0435\u043c\u044a \u0441\u0432\u043e\u0438\u043c\u044a \u043e\u0447\u0435\u043d\u044c \u0434\u043e\u0432\u043e\u043b\u0435\u043d\u044a. (1)", "pub_date": "2022-11-01T21:09:51.815Z", "author": 2, "group": 4, "image": ""}}, {"model": "posts.post", "pk": 8, "fields": {"text": "\u0426\u0463\u043b\u044b\u0439 \u0434\u0435\u043d\u044c \u043f\u0440\u043e\u0431\u044b\u043b\u044a \u043d\u0430 \u043c\u0463\u0441\u0442\u0463, \u043d\u0438 \u0441\u044a \u043a\u0463\u043c\u044a \u043d\u0435 \u0432\u0438\u0434\u0463\u043b\u0441\u044f, \u043a\u0440\u043e\u043c\u0463 \u0422\u0438\u0448\u043a\u0435\u0432\u0438\u0447\u0430 \u0438 \u0410\u0434\u044a\u044e\u0442\u0430\u043d\u0442\u043e\u0432\u044a, \u043a\u043e\u0442\u043e\u0440\u044b\u0435 \u0432\u0441\u0463, \u043a\u0430\u043a\u044a \u043c\u043d\u0463 \u043a\u0430\u0436\u0435\u0442\u0441\u044f, \u0434\u0438\u0447\u0430\u0442\u0441\u044f \u043c\u0435\u043d\u044f, \u043a\u0430\u043a\u044a disgraci\u00e9.\r\n\r\n\u0421\u043c\u0463\u0448\u043d\u043e! \u042f \u0434\u043e\u0432\u043e\u043b\u0435\u043d\u044a \u0441\u0432\u043e\u0438\u043c\u044a \u0434\u043d\u0435\u043c\u044a, \u0435\u0436\u0435\u043b\u0438 \u0431\u044b \u043d\u0435 \u043b\u0463\u043d\u044c \u0438 \u043d\u0435 2 \u0434\u0463\u0432\u043a\u0438 \u0443 \u0445\u043e\u0437\u044f\u0439\u043a\u0438, \u043a\u043e\u0442\u043e\u0440\u044b\u043c\u044a \u044f \u043d\u0435 \u043c\u043e\u0433\u044a \u0440\u0463\u0448\u0438\u0442\u044c\u0441\u044f \u0441\u043b\u043e\u0432\u0430 \u0441\u043a\u0430\u0437\u0430\u0442\u044c \u0438 \u0434\u0432\u0430 \u0447\u0430\u0441\u0430 \u0445\u043e\u0434\u0438\u043b\u044a \u043e\u043a\u043e\u043b\u043e \u0434\u043e\u043c\u0430. \u041a\u043e\u0435 \u043a\u0430\u043a\u0456\u044f \u043c\u044b\u0441\u043b\u0438 \u043f\u0440\u0438\u0445\u043e\u0434\u0438\u043b\u0438 \u0432\u044a \u0433\u043e\u043b\u043e\u0432\u0443, \u043d\u043e \u044f \u0447\u0443\u0432\u0441\u0442\u0432\u0443\u044e, \u043a\u0430\u043a\u044a \u043f\u0430\u043c\u044f\u0442\u044c \u043f\u0440\u0438\u0442\u0443\u043f\u043b\u044f\u0435\u0442\u0441\u044f, \u043b\u044e\u0431\u043e\u0432\u044c \u0438 \u0443\u0432\u0430\u0436\u0435\u043d\u0456\u0435 \u0438 \u0434\u043e\u0432\u0463\u0440\u0456\u0435 \u043a\u044a \u0443\u043c\u0443 \u0438\u0441\u0447\u0435\u0437\u0430\u044e\u0442\u044a \u0438 \u044f \u043f\u0430\u0434\u0430\u044e \u0432\u044a \u043c\u0456\u0440\u0463 \u0438\u0434\u0435\u0430\u043b\u044c\u043d\u043e\u043c\u044a, \u043d\u0435 \u043f\u043e\u0434\u0432\u0438\u0433\u0430\u044f\u0441\u044c \u0432\u0441\u043b\u0463\u0434\u0441\u0442\u0432\u0456\u0435 \u044d\u0442\u043e\u0433\u043e \u2014 \u043a\u0430\u043a\u044a \u0431\u044b \u044d\u0442\u043e \u0434\u043e\u043b\u0436\u043d\u043e \u0431\u044b\u043b\u043e \u0431\u044b\u0442\u044c \u2014 \u0432\u044a \u043c\u0456\u0440\u0463 \u043f\u0440\u0430\u043a\u0442\u0438\u0447\u0435\u0441\u043a\u043e\u043c. \u0418\u043c\u0435\u043d\u043d\u043e \u043e\u0434\u043d\u0430 \u0438\u0437\u044a \u043c\u044b\u0441\u043b\u0435\u0439, \u043f\u043e \u0441\u043b\u0443\u0447\u0430\u044e \u043a\u043e\u0442\u043e\u0440\u043e\u0439 \u043c\u043d\u0463 \u043f\u0440\u0438\u0448\u043b\u043e \u0432\u044a \u0433\u043e\u043b\u043e\u0432\u0443 \u044d\u0442\u043e \u0440\u0430\u0437\u0441\u0443\u0436\u0434\u0435\u043d\u0456\u0435, \u0431\u044b\u043b\u043e \u0442\u043e, \u0447\u0442\u043e \u2014 \u0441\u043d\u0438\u0441\u043a\u0438\u0432\u0430\u0442\u044c \u043b\u044e\u0431\u043e\u0432\u044c \u0431\u043b\u0438\u0436\u043d\u044f\u0433\u043e \u043d\u0430\u043f\u0440\u0430\u0441\u043d\u043e. \u0423 \u0414\u0438\u043a[\u0435\u043d\u0441\u0430] \u0441\u0442\u043e\u0438\u0442\u044a \u043d\u0430\u0440\u0430\u0432\u043d\u0463 \u0441\u044a \u0434\u0440\u0443\u0433\u0438\u043c\u0438 \u043f\u0440\u0430\u0432\u0438\u043b\u0430\u043c\u0438; \u044d\u0442\u043e \u043d\u0435 \u043c\u043e\u0436\u0435\u0442\u044a \u0431\u044b\u0442\u044c \u043f\u0440\u0430\u0432\u0438\u043b\u043e\u043c\u044a \u043e\u0441\u043d\u043e\u0432\u043d\u044b\u043c\u044a, \u043f\u043e\u0442\u043e\u043c\u0443 \u0447\u0442\u043e \u043e\u043d\u043e \u0441\u043b\u043e\u0436\u043d\u043e \u0438 \u0441\u043e\u0441\u0442\u043e\u0438\u0442\u044a \u0438\u0437\u044a \u043c\u043d\u043e\u0433\u0438\u0445\u044a. \u2014 \u0410 \u0432\u043f\u0440\u043e\u0447\u0435\u043c\u044a, \u043d\u0435\u0441\u043c\u043e\u0442\u0440\u044f \u043d\u0430 \u044d\u0442\u043e, \u043e\u043d\u043e \u043f\u043e\u043d\u044f\u0442\u043d\u0463\u0435, \u0432\u0441\u0435\u0433\u0434\u0430 \u043f\u0430\u043c\u044f\u0442\u043d\u0463\u0435 \u0438 \u043a\u0430\u043a\u044a \u0442\u043e \u0431\u043b\u0438\u0436\u0435 \u0441\u0435\u0440\u0434\u0446\u0443, \u0447\u0463\u043c\u044a \u0434\u0440\u0443\u0433\u0456\u044f \u043f\u0440\u0430\u0432\u0438\u043b\u0430 \u043e\u0441\u043d\u043e\u0432\u043d\u044b\u044f, \u043a\u0430\u043a\u044a \u0431\u044b\u0442\u044c \u0441\u043a\u0440\u043e\u043c\u043d\u044b\u043c\u044a, \u0434\u043e\u0432\u043e\u043b\u044c\u043d\u044b\u043c\u044a, \u0447\u0438\u0441\u0442\u043e\u0441\u0435\u0440\u0434\u0435\u0447\u043d\u044b\u043c\u044a.\r\n\r\n\u0423\u043f\u0440\u0435\u043a\u0430\u044e \u0441\u0435\u0431\u044f \u043d\u044b\u043d\u0447\u0435 1) \u0437\u0430 \u043f\u0440\u0430\u0437\u0434\u043d\u043e\u0441\u0442\u044c; \u043f\u043e\u0442\u043e\u043c\u0443 \u0447\u0442\u043e \u043d\u044b\u043d\u0463\u0448\u043d\u0456\u0439 \u0434\u0435\u043d\u044c, \u0441\u043a\u043e\u043b\u044c\u043a\u043e \u0431\u044b \u044f \u043d\u0435 \u0441\u0442\u0430\u0440\u0430\u043b\u0441\u044f \u043e\u043f\u0440\u0430\u0432\u0434\u0430\u0442\u044c \u0441\u0435\u0431\u044f, \u043e\u0434\u0438\u043d\u044a \u0438\u0437\u044a \u0442\u0463\u0445\u044a, \u0432\u044a \u043a\u043e\u0442\u043e\u0440\u044b\u0445\u044a, \u044f \u0434\u043e\u043b\u0436\u0435\u043d\u044a \u043f\u0440\u0438\u0437\u043d\u0430\u0442\u044c\u0441\u044f, \u044f \u0440\u043e\u0432\u043d\u043e \u043d\u0438\u0447\u0435\u0433\u043e \u043d\u0435 \u0441\u0434\u0463\u043b\u0430\u043b\u044a. \u2014 \u041d\u0435 \u043e\u0441\u0442\u0430\u0432\u0438\u043b\u044a \u043f\u043e \u0441\u0435\u0431\u0463 \u043d\u0438\u043a\u0430\u043a\u043e\u0433\u043e \u0441\u043b\u0463\u0434\u0430, \u0438 2) \u0437\u0430 \u0440\u0435\u0431\u044f\u0447\u0435\u0441\u043a\u0443\u044e \u043d\u0435\u0440\u0463\u0448\u0438\u0442\u0435\u043b\u044c\u043d\u043e\u0441\u0442\u044c \u0441\u044a \u0434\u0463\u0432\u043a\u0430\u043c\u0438. \u2014\u2014\u2014\u2014\u2014\u2014 (2)", "pub_date": "2022-11-01T21:10:08.178Z", "author": 2, "group": 4, "image": ""}}, {"model": "posts.post", "pk": 9, "fields": {"text": "[\u041a\u0443\u0440\u0435\u0448\u0442\u0438?] \u0423\u0442\u0440\u043e\u043c\u044a \u041d\u043e\u0432\u0435\u0440\u0435\u0436\u0441\u043a\u0456\u0439 \u0441\u044a \u043f\u043e\u0434\u0442\u044f\u043d\u0443\u0442\u043e\u0439 \u043c\u043e\u0440\u0434\u043e\u0439 \u043f\u0440\u0438\u043d\u0435\u0441\u044a \u043c\u043d\u0463 \u043d\u0430\u0437\u0430\u0434\u044a \u043c\u043e\u0439 \u0440\u0430\u043f\u043e\u0440\u0442\u044a \u0441\u044a \u043d\u0430\u0434\u043f\u0438\u0441\u044c\u044e \u041a\u0440\u044b\u0436\u0430\u043d\u043e\u0432\u0441\u043a\u0430\u0433\u043e. \u0412\u0441\u0463 \u044d\u0442\u0438 \u043c\u0463\u043b\u043a\u0456\u044f \u043d\u0435\u043f\u0440\u0456\u044f\u0442\u043d\u043e\u0441\u0442\u0438 \u0442\u0430\u043a\u044a \u043c\u0435\u043d\u044f \u0440\u0430\u0437\u0441\u0442\u0440\u043e\u0438\u043b\u0438, \u0447\u0442\u043e \u044f \u0440\u0463\u0448\u0438\u0442\u0435\u043b\u044c\u043d\u043e \u0446\u0463\u043b\u044b\u0439 \u0434\u0435\u043d\u044c \u0431\u044b\u043b\u044a \u0441\u0430\u043c\u044a \u043d\u0435 \u0441\u0432\u043e\u0439, \u043b\u0463\u043d\u0438\u0432\u044a, \u0430\u043f\u0430\u0442\u0438\u0447\u0435\u043d\u044a, \u043d\u0435 \u0432\u044a \u0441\u043e\u0441\u0442\u043e\u044f\u043d\u0456\u0438 \u043d\u0438 \u0437\u0430 \u0447\u0442\u043e \u043f\u0440\u0438\u043d\u044f\u0442\u044c\u0441\u044f, \u0441\u044a \u043b\u044e\u0434\u044c\u043c\u0438 \u043c\u043e\u043b\u0447\u0430\u043b\u0438\u0432\u044a, \u0441\u0442\u044b\u0434\u043b\u0438\u0432\u044a \u0434\u043e \u043f\u043e\u0442\u0443. \u042f \u044d\u0442\u043e \u0438\u0441\u043f\u044b\u0442\u0430\u043b\u044a \u0443 \u0411\u0430\u0431\u0430\u0440\u044b\u043a\u0438\u043d\u0430, \u0441\u043d\u0430\u0447\u0430\u043b\u0430 \u0441\u044a \u0417\u044b\u0431\u0438\u043d\u044b\u043c\u044a, \u0424\u0440\u0438\u0434\u0435 \u0438 \u0411\u0430\u043b\u044e\u0437\u0435\u043a\u044a, \u0430 \u0432\u0435\u0447\u0435\u0440\u043e\u043c\u044a \u0441\u044a \u041a\u0440\u044b\u0436\u0430\u043d\u043e\u0432\u0441\u043a\u0438\u043c\u044a \u0438 \u0421\u0442\u0430\u043b\u044b\u043f\u0438\u043d\u044b\u043c\u044a. \u042f \u0441\u043b\u0438\u0448\u043a\u043e\u043c\u044a \u0447\u0435\u0441\u0442\u0435\u043d\u044a \u0434\u043b\u044f \u043e\u0442\u043d\u043e\u0448\u0435\u043d\u0456\u0439 \u0441\u044a \u044d\u0442\u0438\u043c\u0438 \u043b\u044e\u0434\u044c\u043c\u0438. \u2014 \u0421\u0442\u0440\u0430\u043d\u043d\u043e, \u0447\u0442\u043e \u0442\u043e\u043b\u044c\u043a\u043e \u0442\u0435\u043f\u0435\u0440\u044c \u044f \u0437\u0430\u043c\u0463\u0442\u0438\u043b\u044a \u043e\u0434\u0438\u043d\u044a \u0438\u0437\u044a \u0441\u0432\u043e\u0438\u0445\u044a \u0432\u0430\u0436\u043d\u044b\u0445\u044a \u043d\u0435\u0434\u043e\u0441\u0442\u0430\u0442\u043a\u043e\u0432\u044a: \u043e\u0441\u043a\u043e\u0440\u0431\u0438\u0442\u0435\u043b\u044c\u043d\u0443\u044e \u0438 \u0432\u043e\u0437\u0431\u0443\u0436\u0434\u0430\u044e\u0449\u0443\u044e \u0432\u044a \u0434\u0440\u0443\u0433\u0438\u0445\u044a \u0437\u0430\u0432\u0438\u0441\u0442\u044c \u2014 \u043d\u0430\u043a\u043b\u043e\u043d\u043d\u043e\u0441\u0442\u044c \u0432\u044b\u0441\u0442\u0430\u0432\u043b\u044f\u0442\u044c \u0432\u0441\u0463 \u0441\u0432\u043e\u0438 \u043f\u0440\u0435\u0438\u043c\u0443\u0449\u0435\u0441\u0442\u0432\u0430. \u0427\u0442\u043e\u0431\u044b \u0432\u043d\u0443\u0448\u0438\u0442\u044c \u043b\u044e\u0431\u043e\u0432\u044c \u043a\u044a \u0441\u0435\u0431\u0463, \u043d\u0430\u043f\u0440\u043e\u0442\u0438\u0432\u044a, \u043d\u0443\u0436\u043d\u043e \u0441\u043a\u0440\u044b\u0432\u0430\u0442\u044c \u0432\u0441\u0435 \u0442\u043e, \u0447\u0463\u043c\u044a \u0432\u044b\u0445\u043e\u0434\u0438\u0448\u044c \u0438\u0437\u044a \u043e\u0431\u0449\u0430\u0433\u043e \u0440\u0430\u0437\u0440\u044f\u0434\u0430. \u041f\u043e\u0437\u0434\u043d\u043e \u044f \u043f\u043e\u043d\u044f\u043b\u044a \u044d\u0442\u043e. \u041d\u0435 \u0431\u0443\u0434\u0443 \u043f\u043e\u0434\u0430\u0432\u0430\u0442\u044c \u0440\u0430\u043f\u043e\u0440\u0442\u0430, \u043f\u043e\u043a\u0430 \u043d\u0435 \u0431\u0443\u0434\u0443 \u0432\u044a \u0441\u043e\u0441\u0442\u043e\u044f\u043d\u0438\u0438 \u0437\u0430\u0432\u0435\u0441\u0442\u0438 \u043b\u043e\u0448\u0430\u0434\u0435\u0439, \u0438 \u0443\u043f\u043e\u0442\u0440\u0435\u0431\u043b\u044e \u0432\u0441\u0463 \u0441\u0440\u0435\u0434\u0441\u0442\u0432\u0430 \u0434\u043b\u044f \u044d\u0442\u0430\u0433\u043e. \u041f\u043e\u043a\u0430 \u043d\u0435 \u0431\u0443\u0434\u0443 \u043d\u0438 \u0441\u044a \u043a\u0463\u043c\u044a \u0438\u043c\u0463\u0442\u044c \u0434\u0440\u0443\u0433\u0438\u0445\u044a \u043e\u0442\u043d\u043e\u0448\u0435\u043d\u0456\u0439, \u043a\u0430\u043a\u044a \u043f\u043e \u0441\u043b\u0443\u0436\u0431\u0463. \u2014 \u0423\u043f\u0440\u0435\u043a\u0430\u044e \u0441\u0435\u0431\u044f \u0437\u0430 \u043b\u0463\u043d\u044c. \u2014\u2014\u2014 (1)", "pub_date": "2022-11-01T21:10:17.225Z", "author": 2, "group": 4, "image": ""}}, {"model": "posts.post", "pk": 10, "fields": {"text": "\u0420\u0430\u043d\u043e \u0432\u044b\u0441\u0442\u0443\u043f\u0438\u043b\u0438 \u0438\u0437\u044a \u041a\u0443\u0440\u0435\u0448\u0442\u0438 \u0438 \u0432\u0441\u044e \u0434\u043e\u0440\u043e\u0433\u0443 \u044f \u0443\u0436\u0430\u0441\u043d\u043e \u043c\u0443\u0447\u0430\u043b\u0441\u044f, \u043a\u0430\u043a\u044a \u0444\u0438\u0437\u0438\u0447\u0435\u0441\u043a\u0438 \u2014 \u043b\u0438\u0446\u043e \u0443 \u043c\u0435\u043d\u044f \u0441\u0442\u0440\u0430\u0448\u043d\u043e \u0433\u043e\u0440\u0463\u043b\u043e \u0438 \u0432\u044b\u043c\u0435\u0442\u0430\u043b\u043e, \u2014 \u0442\u0430\u043a\u044a \u0438 \u043c\u043e\u0440\u0430\u043b\u044c\u043d\u043e. \u0422\u0430\u043a\u044a \u043d\u0430\u0437\u044b\u0432\u0430\u0435\u043c\u044b\u0435 \u0430\u0440\u0438\u0441\u0442\u043e\u043a\u0440\u0430\u0442\u044b \u0432\u043e\u0437\u0431\u0443\u0436\u0434\u0430\u044e\u0442\u044a \u0432\u043e \u043c\u043d\u0463 \u0437\u0430\u0432\u0438\u0441\u0442\u044c. \u042f \u043d\u0435\u0438\u0441\u043f\u0440\u0430\u0432\u0438\u043c\u043e \u043c\u0435\u043b\u043e\u0447\u0435\u043d\u044a \u0438 \u0437\u0430\u0432\u0438\u0441\u0442\u043b\u0438\u0432\u044a.\r\n\r\n\u041f\u043e\u0441\u043b\u0463 \u043e\u0431\u0463\u0434\u0430 \u044f \u0437\u0430\u0448\u0435\u043b\u044a \u043a\u044a \u0441\u0442\u0430\u0440\u0438\u043a\u0443 \u0438 \u0437\u0430\u0441\u0442\u0430\u043b\u044a \u0443 \u043d\u0435\u0433\u043e \u043a\u0430\u043c\u043f\u0430\u043d\u0456\u044e \u0410\u0434\u044a\u044e\u0442[\u0430\u043d\u0442\u043e\u0432\u044a] \u0424\u0435\u043b\u044c\u0434\u043c[\u0430\u0440\u0448\u0430\u043b\u0430], \u0432\u044a \u043a\u043e\u0442\u043e\u0440\u043e\u0439 \u043c\u043d\u0463 \u0431\u044b\u043b\u043e \u043d\u0435\u0432\u044b\u043d\u043e\u0441\u0438\u043c\u043e \u0442\u044f\u0436\u0435\u043b\u043e. \u041f\u043e\u0442\u043e\u043c\u044a \u0421\u0430\u043b\u0442\u044b\u043a\u043e\u0432\u044a, \u043a\u043e\u0433\u0434\u0430 \u044f 3-\u0439 \u0440\u0430\u0437\u044a \u0432\u0441\u043f\u043e\u043c\u0438\u043d\u0430\u043b\u044a, \u0433\u0434\u0463 \u043c\u044b \u0441\u044a \u043d\u0438\u043c\u044a \u0432\u0438\u0434\u0463\u043b\u0438\u0441\u044c, \u0441\u043a\u0430\u0437\u0430\u043b\u044a \u043c\u043d\u0463, \u0447\u0442\u043e \u00ab\u044d\u0442\u043e \u0431\u044b\u043b\u043e \u0442\u043e\u0433\u0434\u0430, \u043a\u043e\u0433\u0434\u0430 \u043c\u044b \u0441\u044a \u0432\u0430\u043c\u0438 \u0434\u043d\u0438 \u043f\u0440\u043e\u0432\u043e\u0434\u0438\u043b\u0438 \u0432\u043c\u0463\u0441\u0442\u0463\u00bb. \u042d\u0442\u043e \u043d\u0438\u043a\u043e\u0433\u0434\u0430 \u043d\u0435 \u0431\u044b\u043b\u043e. \u0418 \u044d\u0442\u043e \u0431\u044b\u043b\u043e \u0434\u043b\u044f \u043c\u0435\u043d\u044f \u0432\u043e \u0432\u0440\u0435\u043c\u044f \u0431\u0435\u0437\u0441\u043e\u043d\u043d\u043e\u0439 \u043d\u043e\u0447\u0438, \u043a\u043e\u0442\u043e\u0440\u0443\u044e \u044f \u043f\u0440\u043e\u0432\u043e\u0434\u0438\u043b\u044a \u043d\u044b\u043d\u0447\u0435, \u043e\u0434\u043d\u0438\u043c\u044a \u0438\u0437\u044a \u0442\u0463\u0445\u044a \u0432\u043e\u0441\u043f\u043e\u043c\u0438\u043d\u0430\u043d\u0456\u0439, \u043f\u0440\u0438 \u043a\u043e\u0442[\u043e\u0440\u044b\u0445\u044a] \u0432\u0441\u043a\u0440\u0438\u043a\u0438\u0432\u0430\u0435\u0448\u044c. \u0412\u0435\u0447\u0435\u0440\u043e\u043c\u044a \u0441\u044a \u0424\u0435\u0440\u0437\u0435\u043d\u043e\u043c\u044a \u044f \u0437\u0430\u0448\u0435\u043b\u044a \u043a\u044a \u043d\u0438\u043c\u044a \u0438, \u043d\u0435 \u0433\u043e\u0432\u043e\u0440\u044f \u0443\u0436\u0435 \u043f\u0440\u043e \u0421\u0443\u0445\u0442\u0435\u043b\u0435\u043d\u0430, \u043a\u043e\u0442\u043e\u0440\u0430\u0433\u043e \u044f \u0434\u043e\u043b\u0436\u0435\u043d\u044a \u0431\u044b\u043b\u044a \u0437\u0430\u0441\u0442\u0430\u0432\u0438\u0442\u044c \u043f\u043e\u043a\u043b\u043e\u043d\u0438\u0442\u044c\u0441\u044f \u043c\u043d\u0463, \u0432\u0435\u0441\u0435\u043b\u044b\u0439 \u041a\u043e\u0440\u0441\u0430\u043a\u043e\u0432\u044a, \u043a\u043e\u0442\u043e\u0440\u044b\u0439 \u0441\u043b\u0430\u0432\u043d\u043e \u043f\u043e\u0435\u0442\u044a \u0446\u044b\u0433\u0430\u043d\u0441\u043a\u0456\u044f \u043f\u0463\u0441\u043d\u0438, \u043d\u0430\u0432\u0435\u043b\u044a \u043d\u0430 \u043c\u0435\u043d\u044f \u0443\u0436\u0430\u0441\u043d\u0443\u044e \u0442\u043e\u0441\u043a\u0443 \u0438 \u0437\u0430\u0432\u0438\u0441\u0442\u044c. \u0412\u044a \u0437\u0430\u043a\u043b\u044e\u0447\u0435\u043d\u0456\u0438 \u0432\u0441\u0435\u0433\u043e, \u044f \u0434\u0430\u0436\u0435 \u0441\u044a \u0422\u044b\u0448\u043a\u0435\u0432\u0438\u0447\u0435\u043c\u044a \u0442\u0430\u043a\u044a \u0436\u043e\u043b\u0447\u043d\u043e \u0437\u0430\u0441\u043f\u043e\u0440\u0438\u043b\u044a \u043e \u043a\u0430\u043a\u043e\u0439-\u0442\u043e \u0433\u043b\u0443\u043f\u043e\u0441\u0442\u0438, \u0447\u0442\u043e \u043e\u0441\u043a\u043e\u0440\u0431\u0438\u043b\u044a \u0435\u0433\u043e. \u041a\u0430\u043a\u043e\u0439 \u044d\u0442\u043e \u043d\u0438\u0447\u0442\u043e\u0436\u043d\u044b\u0439 \u0447\u0435\u043b\u043e\u0432\u0463\u043a\u044a! \u043f\u043e\u0434\u0443\u043c\u0430\u043b\u0438 \u0431\u044b \u0442\u0463, \u043a\u043e\u0442[\u043e\u0440\u044b\u0435] \u043f\u0440\u043e\u0447\u043b\u0438 \u0431\u044b \u044d\u0442\u0443 \u0441\u0442\u0440\u0430\u043d\u0438\u0446\u0443. \u2014 \u00ab\u041d\u0435\u0441\u0447\u0430\u0441\u0442\u043d\u044b\u0439, \u0438\u0441\u043f\u043e\u0440\u0447\u0435\u043d\u043d\u044b\u0439 \u043d\u0440\u0430\u0432\u044a!!\u00bb \u0418 \u043d\u0435\u0443\u0436\u0435\u043b\u0438 \u043d\u0435\u043b\u044c\u0437\u044f \u043f\u043e\u043f\u0440\u0430\u0432\u0438\u0442\u044c \u0435\u0433\u043e? \u041d\u0430\u0439\u0434\u0442\u0438 \u0437\u043b\u043e, \u0433\u043e\u0432\u043e\u0440\u044f\u0442\u044a, \u0443\u0436\u0435 \u0435\u0441\u0442\u044c \u043f\u043e\u043b\u043e\u0432\u0438\u043d\u0430 \u0434\u043e\u0440\u043e\u0433\u0438 \u043a\u044a \u0438\u0441\u043f\u0440\u0430\u0432\u043b\u0435\u043d\u0456\u044e. \u0421\u043a\u043e\u043b\u044c\u043a\u043e \u0432\u0440\u0435\u043c\u0435\u043d\u0438 \u0438 \u0438\u0441\u043a\u0440\u0435\u043d\u043d\u043e \u044f \u0431\u044c\u044e\u0441\u044c \u0438\u0437\u044a \u0437\u0430 \u044d\u0442\u0430\u0433\u043e \u0438 \u0432\u0441\u0435 \u0442\u0449\u0435\u0442\u043d\u043e. \u0411\u044b\u0442\u044c \u0432\u0441\u0435\u0433\u0434\u0430 \u0434\u043e\u0432\u043e\u043b\u044c\u043d\u044b\u043c\u044a, \u0441\u043a\u0440\u043e\u043c\u043d\u044b\u043c\u044a \u0438 \u0442\u0440\u0443\u0434\u043e\u043b\u044e\u0431\u0438\u0432\u044b\u043c\u044a, \u0432\u043e\u0442\u044a \u0447\u0443\u0434\u043d\u044b\u044f \u043f\u0440\u0430\u0432\u0438\u043b\u0430! \u041a\u043e\u043b\u0438 \u0431\u044b \u044f \u043c\u043e\u0433\u044a \u0441\u043b\u0463\u0434\u043e\u0432\u0430\u0442\u044c \u0438\u043c\u044a! \u041f\u043e\u0440\u0430 \u0431\u044b \u043e\u0442\u0447\u0430\u044f\u0442\u044c\u0441\u044f \u0432\u044a \u0438\u0441\u043f\u0440\u0430\u0432\u043b\u0435\u043d\u0456\u0438, \u0430 \u044f \u0432\u0441\u0435 \u043d\u0430\u0434\u0463\u044e\u0441\u044c, \u0432\u0441\u0435 \u0441\u0442\u0430\u0440\u0430\u044e\u0441\u044c.\r\n\r\n\u0423\u043f\u0440\u0435\u043a\u0430\u044e \u0441\u0435\u0431\u044f 1) \u0437\u0430 \u043b\u0463\u043d\u044c, 2) \u0437\u0430 \u0434\u0432\u043e\u044f\u043a\u0443\u044e \u043d\u0435\u0441\u043a\u0440\u043e\u043c\u043d\u043e\u0441\u0442\u044c, \u0441\u043e\u0432\u0435\u0440\u0448\u0435\u043d\u043d\u043e \u043f\u0440\u043e\u0442\u0438\u0432\u0443\u043f\u043e\u043b\u043e\u0436\u043d\u0443\u044e \u0441\u044a \u0410\u0434\u044a[\u044e\u0442\u0430\u043d\u0442\u0430\u043c\u0438] \u0424[\u0435\u043b\u044c\u0434\u043c\u0430\u0440\u0448\u0430\u043b\u0430] \u0438 \u0441\u044a \u0422\u044b\u0448\u043a\u0435\u0432\u0438\u0447\u0435\u043c\u044a.", "pub_date": "2022-11-01T21:10:26.534Z", "author": 2, "group": 4, "image": ""}}, {"model": "posts.post", "pk": 11, "fields": {"text": "[\u0411\u0443\u0437\u0435\u043e.] \u041e\u043f\u044f\u0442\u044c \u043f\u0435\u0440\u0435\u0445\u043e\u0434\u044a \u2014 \u0434\u043e \u0411\u0443\u0437\u0435\u043e. \u0411\u0430\u0448\u0438-\u0431\u0443\u0437\u0443\u043a\u0438 \u2014 \u043a\u0430\u043a\u044a \u043d\u0430\u0440\u043e\u0447\u043d\u043e, \u0441\u043e\u0433\u043b\u0430\u0441\u0438\u043b\u0438\u0441\u044c \u0431\u044b\u0442\u044c \u043e\u0441\u043e\u0431\u0435\u043d\u043d\u043e \u043c\u0438\u043b\u044b\u043c\u0438, \u043d\u043e \u0432\u043e \u043c\u043d\u0463 \u0431\u044b\u043b\u043e \u0441\u043b\u0438\u0448\u043a\u043e\u043c\u044a \u043c\u043d\u043e\u0433\u043e \u0436\u043e\u043b\u0447\u0438. \u042f \u0434\u0438\u0447\u0438\u043b\u0441\u044f. \u0418 \u043e\u043f\u044f\u0442\u044c \u043e\u0441\u043a\u043e\u0440\u0431\u0438\u043b\u044a \u0422\u044b\u0448\u043a\u0435\u0432\u0438\u0447\u0430. \u2014 \u0412\u043e\u043e\u0431\u0449\u0435 \u0440\u0463\u0434\u043a\u043e \u043f\u043e\u043c\u043d\u044e, \u0447\u0442\u043e\u0431\u044b \u044f, \u0432\u043e \u0432\u0441\u0463\u0445\u044a \u043e\u0442\u043d\u043e\u0448\u0435\u043d\u0456\u044f\u0445\u044a, \u0431\u044b\u043b\u044a \u0432\u044a \u0442\u0430\u043a\u043e\u043c\u044a \u0443\u0436\u0430\u0441\u043d\u043e\u043c\u044a \u043f\u043e\u043b\u043e\u0436\u0435\u043d\u0456\u0438, \u043a\u0430\u043a\u044a \u0442\u0435\u043f\u0435\u0440\u044c. \u0411\u043e\u043b\u0463\u043d\u044a, \u0440\u0430\u0437\u0434\u0440\u0430\u0436\u0435\u043d\u044a, \u0441\u043e\u0432\u0435\u0440\u0448\u0435\u043d\u043d\u043e \u043e\u0434\u0438\u043d\u043e\u043a\u044a, \u2014 \u044f \u0432\u0441\u0463\u043c\u044a \u0441\u044a\u0443\u043c\u0463\u043b\u044a \u043e\u043f\u0440\u043e\u0442\u0438\u0432\u0463\u0442\u044c, \u2014 \u0432\u044a \u0441\u0430\u043c\u043e\u043c\u044a \u043d\u0435\u0440\u0463\u0448\u0438\u0442\u0435\u043b\u044c\u043d\u043e\u043c\u044a \u0438 \u0434\u0443\u0440\u043d\u043e\u043c\u044a \u0441\u043b\u0443\u0436\u0435\u0431\u043d\u043e\u043c\u044a \u043f\u043e\u043b\u043e\u0436\u0435\u043d\u0456\u0438 \u0438 \u0431\u0435\u0437\u044a \u0434\u0435\u043d\u0435\u0433\u044a. \u2014 \u041d\u0443\u0436\u043d\u043e \u0432\u044b\u0439\u0434\u0442\u0438 \u0438\u0437\u044a \u044d\u0442\u0430\u0433\u043e \u043f\u043e\u043b\u043e\u0436\u0435\u043d\u0456\u044f. \u2014 \u041b\u0435\u0447\u0438\u0442\u044c\u0441\u044f \u043f\u0440\u0438\u0441\u0442\u0430\u043b\u044c\u043d\u0463\u0435, \u043f\u0435\u0440\u0435\u0442\u0435\u0440\u043f\u0463\u0442\u044c \u043d\u0435\u043f\u0440\u0456\u044f\u0442\u043d\u043e\u0441\u0442\u044c \u043d\u043e\u0432\u0430\u0433\u043e \u0441\u0431\u043b\u0438\u0436\u0435\u043d\u0456\u044f \u0441\u044a \u0442\u043e\u0432\u0430\u0440\u0438\u0449\u0430\u043c\u0438. \u041e\u0431\u044a\u044f\u0441\u043d\u0438\u0442\u044c\u0441\u044f \u043e \u0441\u043b\u0443\u0436\u0431\u0463 \u0441\u044a \u0413\u0435\u043d\u0435\u0440\u0430\u043b\u043e\u043c\u044a \u0438\u043b\u0438 \u041a\u0440\u044b\u0436\u0430\u043d\u043e\u0432\u0441\u043a\u0438\u043c\u044a \u0438 \u0434\u043e\u0441\u0442\u0430\u0442\u044c \u0434\u0435\u043d\u0435\u0433\u044a. \u0423\u043f\u0440\u0435\u043a\u0430\u044e 1) \u0437\u0430 \u043b\u0463\u043d\u044c, 2) \u0437\u0430 \u043d\u0435\u0441\u043a\u0440\u043e\u043c\u043d\u043e\u0441\u0442\u044c \u0441\u044a \u0421\u0443\u0445\u0442\u0435\u043b\u0435\u043d\u043e\u043c\u044a \u0438 \u0441\u044a \u0422\u044b\u0448\u043a\u0435\u0432\u0438\u0447\u0435\u043c\u044a \u0438 3) \u0437\u0430 \u043d\u0435\u043e\u0431\u0434\u0443\u043c\u0430\u043d\u043d\u043e\u0441\u0442\u044c, \u043d\u0435\u0434\u043e\u0432\u043e\u043b\u044c\u0441\u0442\u0432\u043e \u0438 \u043d\u0435\u0440\u0463\u0448\u0438\u0442\u0435\u043b\u044c\u043d\u043e\u0441\u0442\u044c \u043a\u044a \u0438\u0441\u043f\u0440\u0430\u0432\u043b\u0435\u043d\u0456\u044e \u0441\u0432\u043e\u0435\u0433\u043e \u043f\u043e\u043b\u043e\u0436\u0435\u043d\u0456\u044f. \u2014\u2014\u2014\u2014\u2014\u2014\u2014\u2014\u2014 (4)", "pub_date": "2022-11-01T21:10:35.626Z", "author": 2, "group": 4, "image": ""}}, {"model": "posts.post", "pk": 12, "fields": {"text": "\u041d\u044b\u043d\u0447\u0435 \u0441\u044a \u0443\u0442\u0440\u0430 \u0445\u043e\u0434\u0438\u043b\u044a \u043e\u0431\u044a\u044f\u0441\u043d\u044f\u0442\u044c\u0441\u044f \u0438 \u044f\u0432\u043b\u044f\u0442\u044c\u0441\u044f \u043a\u044a \u043d\u0430\u0447\u0430\u043b\u044c\u0441\u0442\u0432\u0443. \u0412\u044b\u0448\u043b\u043e, \u0447\u0442\u043e \u041a\u0440\u044b\u0436\u0430\u043d\u043e\u0432\u0441\u043a\u0456\u0439 \u0441\u043a\u0430\u0437\u0430\u043b\u044a, \u0447\u0442\u043e\u0431\u044b \u044f \u0463\u0445\u0430\u043b\u044a \u0432\u044a \u0431\u0430\u0442\u0430\u0440\u0435\u044e. \u0422\u0438\u0448\u043a\u0435\u0432\u0438\u0447\u044a \u043d\u0430\u0441\u043f\u043b\u0435\u0442\u043d\u0438\u0447\u0430\u043b\u044a \u043c\u043d\u0463 \u044d\u0442\u043e, \u0438 \u044f \u0448\u0435\u043b\u044a \u043a\u044a \u041a\u0440\u044b\u0436[\u0430\u043d\u043e\u0432\u0441\u043a\u043e\u043c\u0443] \u0441\u044a \u0434\u0440\u043e\u0436\u0430\u0449\u0438\u043c\u0438 \u0433\u0443\u0431\u0430\u043c\u0438. \u041d\u043e \u043d\u0435\u0441\u043c\u043e\u0442\u0440\u044f \u043d\u0430 \u0432\u0441\u044e \u0437\u043b\u043e\u0431\u0443, \u044f \u0431\u044b\u043b\u044a \u0441\u043b\u0430\u0431\u044a \u0438 \u043f\u043e\u0437\u0432\u043e\u043b\u0438\u043b\u044a \u0437\u0430\u043c\u0430\u0441\u043b\u0438\u0442\u044c \u044d\u0442\u043e \u0434\u0463\u043b\u043e. \u041e\u0441\u0442\u0430\u043b\u044c\u043d\u043e\u0435 \u0432\u0440\u0435\u043c\u044f \u0434\u043d\u044f \u0447\u0438\u0442\u0430\u043b\u044a \u0445\u043e\u0440\u043e\u0448\u0435\u043d\u044c\u043a\u0443\u044e \u043f\u043e\u0432\u0463\u0441\u0442\u044c \u0411\u0435\u0440\u043d\u0430\u0440\u0430 \u0438 \u043d\u0430\u043f\u0438\u0441\u0430\u043b\u044a \u043f\u0438\u0441\u044c\u043c\u043e \u0412\u0430\u043b\u0435\u0440\u044c\u044f\u043d\u0443. \u041c\u0435\u043d\u044c\u0448\u0435, \u0447\u0463\u043c\u044a \u043a\u043e\u0433\u0434\u0430, \u044f \u0441\u044a \u0434\u043d\u044f \u0441\u0432\u043e\u0435\u0433\u043e \u0432\u044b\u0437\u0434\u043e\u0440\u043e\u0432\u043b\u0435\u043d\u0456\u044f \u0447\u0443\u0432\u0441\u0442\u0432\u0443\u044e \u0441\u0435\u0431\u044f \u0441\u043f\u043e\u0441\u043e\u0431\u043d\u044b\u043c\u044a \u043a\u044a \u043e\u0431\u0449\u0435\u0436\u0438\u0442\u0456\u044e \u0438 \u0440\u0430\u0432\u043d\u043e\u0434\u0443\u0448\u043d\u043e-\u0432\u0435\u0441\u0435\u043b\u043e\u043c\u0443 \u0432\u0437\u0433\u043b\u044f\u0434\u0443 \u043d\u0430 \u0436\u0438\u0437\u043d\u044c. \u041f\u043e\u0434\u0430\u043b\u044a \u0434\u0440\u0443\u0433\u043e\u0439 \u0440\u0430\u043f\u043e\u0440\u0442\u044a \u043e \u043f\u0435\u0440\u0435\u0432\u043e\u0434\u0463.\r\n\r\n\u0423\u043f\u0440\u0435\u043a\u0430\u044e \u0441\u0435\u0431\u044f \u0437\u0430 \u043b\u0463\u043d\u044c. \u0412\u044a \u0446\u0463\u043b\u044b\u0439 \u0434\u0435\u043d\u044c \u0440\u043e\u0432\u043d\u043e \u043d\u0438\u0447\u0435\u0433\u043e \u043d\u0435 \u0441\u0434\u0463\u043b\u0430\u043b\u044a. \u2014\u2014\u2014\u2014\u2014 (1)", "pub_date": "2022-11-01T21:11:03.699Z", "author": 2, "group": 4, "image": ""}}, {"model": "posts.post", "pk": 13, "fields": {"text": "\u041e\u043f\u044f\u0442\u044c \u043f\u0435\u0440\u0435\u0445\u043e\u0434\u044a, \u043d\u0435\u0441\u043c\u043e\u0442\u0440\u044f \u043d\u0430 \u043a\u043e\u0442\u043e\u0440\u044b\u0439 \u044f \u0431\u044b \u0431\u044b\u043b\u044a \u0434\u043e\u0432\u043e\u043b\u0435\u043d\u044a \u0441\u0435\u0433\u043e\u0434\u043d\u0438\u0447\u043d\u044b\u043c\u044a \u0434\u043d\u0435\u043c\u044a, \u0435\u0436\u0435\u043b\u0438-\u0431\u044b \u043d\u0435 \u0433\u043b\u0443\u043f\u043e\u0435 \u0442\u0440\u0435\u0431\u043e\u0432\u0430\u043d\u0456\u0435 \u041a\u044b\u0440\u0436\u0430\u043d\u043e\u0432\u0441\u043a\u0430\u0433\u043e, \u0447\u0442\u043e\u0431\u044b \u044f \u0463\u0445\u0430\u043b\u044a \u0432\u044a \u041b\u0435\u043e\u0432\u043e. \u042f \u0445\u043e\u0434\u0438\u043b\u044a \u043a\u044a \u043d\u0435\u043c\u0443 \u0443\u0442\u0440\u043e\u043c\u044a \u0438 \u0438\u043c\u0463\u043b\u044a \u0441\u043b\u0430\u0431\u043e\u0441\u0442\u044c \u0438 \u0433\u043b\u0443\u043f\u043e\u0441\u0442\u044c \u043d\u0435 \u0440\u0430\u0437\u0431\u0443\u0434\u0438\u0442\u044c \u0435\u0433\u043e; \u043f\u043e\u0442\u043e\u043c\u044a \u0437\u0430\u0441\u043d\u0443\u043b\u044a, \u043f\u043e\u043e\u0431\u0463\u0434\u0430\u043b\u044a \u0438 \u043d\u0430\u043f\u0438\u0441\u0430\u043b\u044a \u043d\u0435\u043c\u043d\u043e\u0433\u043e. \u0417\u0434\u043e\u0440\u043e\u0432\u044c\u0435 \u0445\u043e\u0440\u043e\u0448\u043e \u0438 \u0437\u0430\u0432\u0442\u0440\u0430 \u044f\u0432\u043b\u044f\u044e\u0441\u044c \u043a\u044a \u043e\u0431\u043e\u0438\u043c\u044a \u041d\u0430\u0447\u0430\u043b\u044c\u043d\u0438\u043a\u0430\u043c\u044a \u0438 \u043f\u043e\u0434\u0430\u044e \u043e\u0431\u0430 \u0440\u0430\u043f\u043e\u0440\u0442\u0430. \u2014 \u0423\u043f\u0440\u0435\u043a\u044a \u0437\u0430 \u043d\u0435\u0440\u0463\u0448\u0438\u0442\u0435\u043b\u044c\u043d\u043e\u0441\u0442\u044c \u0441\u044a \u041a\u0440\u044b\u0436\u0430\u043d\u043e\u0432[\u0441\u043a\u0438\u043c\u044a]. (1)", "pub_date": "2022-11-01T21:11:18.490Z", "author": 2, "group": 4, "image": ""}}, {"model": "posts.post", "pk": 14, "fields": {"text": "[\u0421\u0438\u043d\u0435\u0448\u0442\u0438.] \u0420\u0430\u043d\u043e \u0443\u0442\u0440\u043e\u043c\u044a \u043c\u0435\u043d\u044f \u0440\u0430\u0437\u0431\u0443\u0434\u0438\u043b\u0438 \u0438 \u043f\u043e\u0432\u0435\u0437\u043b\u0438 \u0432\u044a \u0421\u0438\u043d\u0435\u0448\u0442\u0438. \u0412\u043e\u043e\u0431\u0449\u0435 \u043d\u0435\u0434\u043e\u0432\u043e\u043b\u0435\u043d\u044a \u044f \u0441\u0435\u0433\u043e\u0434\u043d\u0438\u0447\u043d\u044b\u043c\u044a \u0434\u043d\u0435\u043c\u044a. \u2014 \u041f\u043e\u0447\u0435\u043c\u0443-\u0442\u043e \u2014 \u043d\u0435 \u043e\u0442\u044a \u043b\u0463\u043d\u0438, \u0430 \u0437\u0430 \u0437\u0430\u043d\u044f\u0442\u0456\u044f\u043c\u0438 \u0463\u0434\u043e\u0439 \u0438 \u043f\u0430\u043b\u0430\u0442\u043a\u043e\u0439, \u043d\u0435 \u0431\u044b\u043b\u043e \u043a\u0430\u043a\u044a-\u0442\u03bf \u0432\u0440\u0435\u043c\u044f. \u2014 \u042f \u0440\u043e\u0432\u043d\u043e \u043d\u0438\u0447\u0435\u0433\u043e \u043d\u0435 \u0434\u0463\u043b\u0430\u043b\u044a, \u0434\u0430\u0436\u0435 \u043d\u0435 \u0447\u0438\u0442\u0430\u043b\u044a. \u2014 \u0421\u0442\u043e\u044e \u0438 \u0437\u0430\u0432\u0435\u043b\u044a \u0430\u0440\u0442\u0435\u043b\u044c \u0441\u044a \u043d\u0435\u043c\u043d\u043e\u0436\u043a\u043e \u043d\u0435 \u043f\u043e\u0440\u044f\u0434\u043e\u0447\u043d\u044b\u043c\u0438 \u043b\u044e\u0434\u044c\u043c\u0438 \u0438, \u043f\u0440\u0438\u0437\u043d\u0430\u044e\u0441\u044c, \u0438\u043d\u043e\u0433\u0434\u0430 \u0436\u0430\u043b\u0463\u044e, \u0447\u0442\u043e \u043d\u0435 \u0432\u044a \u0442\u043e\u0439 \u0430\u0440\u0442\u0435\u043b\u0438. \u041e\u0434\u043d\u0430\u043a\u043e, \u043a\u0440\u043e\u043c\u0463 \u0442\u043e\u0433\u043e, \u0447\u0442\u043e \u044d\u0442\u043e \u0434\u0430\u0441\u0442\u044a \u043c\u043d\u0463 \u0432\u0440\u0435\u043c\u044f \u0437\u0430\u043d\u0438\u043c\u0430\u0442\u044c\u0441\u044f, \u044f \u0434\u043e\u0432\u043e\u043b\u0435\u043d\u044a \u0438 \u0442\u0463\u043c\u044a, \u0447\u0442\u043e \u0432\u0435\u0434\u0443 \u0441\u0435\u0431\u044f \u0445\u043e\u0440\u043e\u0448\u043e \u2014 \u043d\u0435 \u043e\u0442\u0442\u0430\u043b\u043a\u0438\u0432\u0430\u044e \u0438 \u043d\u0435 \u0441\u0445\u043e\u0436\u0443\u0441\u044c \u0441\u043b\u0438\u0448\u043a\u043e\u043c\u044a \u0431\u043b\u0438\u0437\u043a\u043e. \u0413\u043b\u0443\u043f\u044b\u0439 \u0441\u0442\u0430\u0440\u0438\u043a\u044a \u043e\u043f\u044f\u0442\u044c \u0440\u0430\u0437\u0441\u0435\u0440\u0434\u0438\u043b\u044a \u043c\u0435\u043d\u044f \u0441\u0432\u043e\u0435\u0439 \u043c\u0430\u043d\u0435\u0440\u043e\u0439 \u043d\u0435 \u043a\u043b\u0430\u043d\u044f\u0442\u044c\u0441\u044f. \u041d\u0430\u0434\u043e \u0431\u0443\u0434\u0435\u0442\u044a \u0434\u0430\u0442\u044c \u0435\u043c\u0443 \u0448\u0438\u043a\u043d\u043e\u0442\u043a\u0443. \u0412\u0447\u0435\u0440\u0430 \u0437\u0430\u0431\u044b\u043b\u044a \u0437\u0430\u043f\u0438\u0441\u0430\u0442\u044c \u0443\u0434\u043e\u0432\u043e\u043b\u044c\u0441\u0442\u0432\u0456\u0435, \u043a\u043e\u0442\u043e\u0440\u043e\u0435 \u043c\u043d\u0463 \u0434\u043e\u0441\u0442\u0430\u0432\u0438\u043b\u044a \u0428\u0438\u043b\u043b\u0435\u0440\u044a \u0441\u0432\u043e\u0438\u043c\u044a \u0420\u0443\u0434\u043e\u043b\u044c\u0444\u043e\u043c\u044a \u0413\u0430\u0431\u0441\u0431\u0443\u0440\u0433\u0441\u043a\u0438\u043c\u044a \u0438 \u043d\u0463\u043a\u043e\u0442\u043e\u0440\u044b\u043c\u0438 \u043c\u0463\u043b\u043a\u0438\u043c\u0438 \u0444\u0438\u043b\u043e\u0441\u043e\u0444\u0441\u043a\u0438\u043c\u0438 \u0441\u0442\u0438\u0445\u043e\u0442\u0432\u043e\u0440\u0435\u043d\u0456\u044f\u043c\u0438. \u041f\u0440\u0435\u043b\u0435\u0441\u0442\u043d\u0430 \u043f\u0440\u043e\u0441\u0442\u043e\u0442\u0430, \u043a\u0430\u0440\u0442\u0438\u043d\u043d\u043e\u0441\u0442\u044c \u0438 \u043f\u0440\u0430\u0432\u0434\u043e\u043f\u043e\u0434\u043e\u0431\u043d\u0430\u044f \u0442\u0438\u0445\u0430\u044f \u043f\u043e\u044d\u0437\u0456\u044f \u0432\u044a \u043f\u0435\u0440\u0432\u043e\u043c\u044a. \u0412\u043e \u0432\u0442\u043e\u0440\u043e\u043c\u044a-\u0436\u0435 \u043f\u043e\u0440\u0430\u0437\u0438\u043b\u0430 \u043c\u0435\u043d\u044f, \u0437\u0430\u043f\u0438\u0441\u0430\u043b\u0430\u0441\u044c \u0432\u044a \u0434\u0443\u0448\u0463, \u043a\u0430\u043a\u044a \u0433\u043e\u0432\u043e\u0440\u0438\u0442\u044a \u0411\u0430\u0440\u0442\u043e\u043b\u043e\u043c\u0435\u0439, \u043c\u044b\u0441\u043b\u044c, \u0447\u0442\u043e, \u0447\u0442\u043e\u0431\u044b \u0441\u0434\u0463\u043b\u0430\u0442\u044c \u0447\u0442\u043e \u043d\u0438\u0431\u0443\u0434\u044c \u0432\u0435\u043b\u0438\u043a\u043e\u0435, \u043d\u0443\u0436\u043d\u043e \u0432\u0441\u0463 \u0441\u0438\u043b\u044b \u0434\u0443\u0448\u0438 \u0443\u0441\u0442\u0440\u0435\u043c\u0438\u0442\u044c \u043d\u0430 \u043e\u0434\u043d\u0443 \u0442\u043e\u0447\u043a\u0443. \u2014\r\n\u0423\u043f\u0440\u0435\u043a\u0438 1) \u0437\u0430 \u043d\u0435\u0432\u043e\u0437\u0434\u0435\u0440\u0436\u043d\u043e\u0441\u0442\u044c \u0438 \u043d\u0435\u0440\u0463\u0448\u0438\u0442\u0435\u043b\u044c\u043d\u043e\u0441\u0442\u044c \u0432\u044a \u0442\u043e\u043c\u044a, \u0447\u0442\u043e \u044f \u0463\u043b\u044a \u0441\u044b\u0440\u044a, \u0438 2) \u043f\u0440\u0430\u0437\u0434\u043d\u043e\u0441\u0442\u044c \u0446\u0463\u043b\u0430\u0433\u043e \u0434\u043d\u044f, \u043e\u0441\u043e\u0431\u0435\u043d\u043d\u043e \u0435\u0436\u0435\u043b\u0438 \u044f \u0445\u043e\u0442\u044c \u043d\u0435\u043c\u043d\u043e\u0433\u043e \u043d\u0435 \u043f\u043e\u0440\u0430\u0431\u043e\u0442\u0430\u044e \u0442\u0435\u043f\u0435\u0440\u044c. (2)", "pub_date": "2022-11-01T21:11:33.053Z", "author": 2, "group": 4, "image": ""}}, {"model": "posts.post", "pk": 15, "fields": {"text": "\u041f\u0440\u0438\u043d\u0438\u043c\u0430\u044f \u0432\u043e \u0432\u043d\u0438\u043c\u0430\u043d\u0438\u0435 \u043f\u043e\u043a\u0430\u0437\u0430\u0442\u0435\u043b\u0438 \u0443\u0441\u043f\u0435\u0448\u043d\u043e\u0441\u0442\u0438, \u0440\u0435\u0430\u043b\u0438\u0437\u0430\u0446\u0438\u044f \u043d\u0430\u043c\u0435\u0447\u0435\u043d\u043d\u044b\u0445 \u043f\u043b\u0430\u043d\u043e\u0432\u044b\u0445 \u0437\u0430\u0434\u0430\u043d\u0438\u0439 \u044f\u0432\u043b\u044f\u0435\u0442\u0441\u044f \u043a\u0430\u0447\u0435\u0441\u0442\u0432\u0435\u043d\u043d\u043e \u043d\u043e\u0432\u043e\u0439 \u0441\u0442\u0443\u043f\u0435\u043d\u044c\u044e \u0434\u0430\u043b\u044c\u043d\u0435\u0439\u0448\u0438\u0445 \u043d\u0430\u043f\u0440\u0430\u0432\u043b\u0435\u043d\u0438\u0439 \u0440\u0430\u0437\u0432\u0438\u0442\u0438\u044f. \u0412 \u0446\u0435\u043b\u043e\u043c, \u043a\u043e\u043d\u0435\u0447\u043d\u043e, \u0443\u043a\u0440\u0435\u043f\u043b\u0435\u043d\u0438\u0435 \u0438 \u0440\u0430\u0437\u0432\u0438\u0442\u0438\u0435 \u0432\u043d\u0443\u0442\u0440\u0435\u043d\u043d\u0435\u0439 \u0441\u0442\u0440\u0443\u043a\u0442\u0443\u0440\u044b \u043f\u0440\u0435\u0434\u043f\u043e\u043b\u0430\u0433\u0430\u0435\u0442 \u043d\u0435\u0437\u0430\u0432\u0438\u0441\u0438\u043c\u044b\u0435 \u0441\u043f\u043e\u0441\u043e\u0431\u044b \u0440\u0435\u0430\u043b\u0438\u0437\u0430\u0446\u0438\u0438 \u043f\u043e\u0441\u0442\u0430\u0432\u043b\u0435\u043d\u043d\u044b\u0445 \u043e\u0431\u0449\u0435\u0441\u0442\u0432\u043e\u043c \u0437\u0430\u0434\u0430\u0447.\r\n\r\n\u041c\u044b \u0432\u044b\u043d\u0443\u0436\u0434\u0435\u043d\u044b \u043e\u0442\u0442\u0430\u043b\u043a\u0438\u0432\u0430\u0442\u044c\u0441\u044f \u043e\u0442 \u0442\u043e\u0433\u043e, \u0447\u0442\u043e \u0441\u043b\u043e\u0436\u0438\u0432\u0448\u0430\u044f\u0441\u044f \u0441\u0442\u0440\u0443\u043a\u0442\u0443\u0440\u0430 \u043e\u0440\u0433\u0430\u043d\u0438\u0437\u0430\u0446\u0438\u0438 \u043d\u0435 \u043e\u0441\u0442\u0430\u0432\u043b\u044f\u0435\u0442 \u0448\u0430\u043d\u0441\u0430 \u0434\u043b\u044f \u0433\u043b\u0443\u0431\u043e\u043a\u043e\u043c\u044b\u0441\u043b\u0435\u043d\u043d\u044b\u0445 \u0440\u0430\u0441\u0441\u0443\u0436\u0434\u0435\u043d\u0438\u0439. \u0417\u043d\u0430\u0447\u0438\u043c\u043e\u0441\u0442\u044c \u044d\u0442\u0438\u0445 \u043f\u0440\u043e\u0431\u043b\u0435\u043c \u043d\u0430\u0441\u0442\u043e\u043b\u044c\u043a\u043e \u043e\u0447\u0435\u0432\u0438\u0434\u043d\u0430, \u0447\u0442\u043e \u0441\u043e\u0446\u0438\u0430\u043b\u044c\u043d\u043e-\u044d\u043a\u043e\u043d\u043e\u043c\u0438\u0447\u0435\u0441\u043a\u043e\u0435 \u0440\u0430\u0437\u0432\u0438\u0442\u0438\u0435 \u0442\u0440\u0435\u0431\u0443\u0435\u0442 \u0430\u043d\u0430\u043b\u0438\u0437\u0430 \u0441\u0438\u0441\u0442\u0435\u043c\u044b \u043c\u0430\u0441\u0441\u043e\u0432\u043e\u0433\u043e \u0443\u0447\u0430\u0441\u0442\u0438\u044f. \u0411\u0435\u0437\u0443\u0441\u043b\u043e\u0432\u043d\u043e, \u043f\u043e\u0441\u0442\u043e\u044f\u043d\u043d\u043e\u0435 \u0438\u043d\u0444\u043e\u0440\u043c\u0430\u0446\u0438\u043e\u043d\u043d\u043e-\u043f\u0440\u043e\u043f\u0430\u0433\u0430\u043d\u0434\u0438\u0441\u0442\u0441\u043a\u043e\u0435 \u043e\u0431\u0435\u0441\u043f\u0435\u0447\u0435\u043d\u0438\u0435 \u043d\u0430\u0448\u0435\u0439 \u0434\u0435\u044f\u0442\u0435\u043b\u044c\u043d\u043e\u0441\u0442\u0438 \u0433\u043e\u0432\u043e\u0440\u0438\u0442 \u043e \u0432\u043e\u0437\u043c\u043e\u0436\u043d\u043e\u0441\u0442\u044f\u0445 \u043d\u0430\u043f\u0440\u0430\u0432\u043b\u0435\u043d\u0438\u0439 \u043f\u0440\u043e\u0433\u0440\u0435\u0441\u0441\u0438\u0432\u043d\u043e\u0433\u043e \u0440\u0430\u0437\u0432\u0438\u0442\u0438\u044f. \u0418\u043c\u0435\u0435\u0442\u0441\u044f \u0441\u043f\u043e\u0440\u043d\u0430\u044f \u0442\u043e\u0447\u043a\u0430 \u0437\u0440\u0435\u043d\u0438\u044f, \u0433\u043b\u0430\u0441\u044f\u0449\u0430\u044f \u043f\u0440\u0438\u043c\u0435\u0440\u043d\u043e \u0441\u043b\u0435\u0434\u0443\u044e\u0449\u0435\u0435: \u044f\u0432\u043d\u044b\u0435 \u043f\u0440\u0438\u0437\u043d\u0430\u043a\u0438 \u043f\u043e\u0431\u0435\u0434\u044b \u0438\u043d\u0441\u0442\u0438\u0442\u0443\u0446\u0438\u043e\u043d\u0430\u043b\u0438\u0437\u0430\u0446\u0438\u0438 \u043e\u0431\u044a\u044f\u0432\u043b\u0435\u043d\u044b \u043d\u0430\u0440\u0443\u0448\u0430\u044e\u0449\u0438\u043c\u0438 \u043e\u0431\u0449\u0435\u0447\u0435\u043b\u043e\u0432\u0435\u0447\u0435\u0441\u043a\u0438\u0435 \u043d\u043e\u0440\u043c\u044b \u044d\u0442\u0438\u043a\u0438 \u0438 \u043c\u043e\u0440\u0430\u043b\u0438. \u041a\u0430\u0436\u0434\u044b\u0439 \u0438\u0437 \u043d\u0430\u0441 \u043f\u043e\u043d\u0438\u043c\u0430\u0435\u0442 \u043e\u0447\u0435\u0432\u0438\u0434\u043d\u0443\u044e \u0432\u0435\u0449\u044c: \u0441\u043e\u0446\u0438\u0430\u043b\u044c\u043d\u043e-\u044d\u043a\u043e\u043d\u043e\u043c\u0438\u0447\u0435\u0441\u043a\u043e\u0435 \u0440\u0430\u0437\u0432\u0438\u0442\u0438\u0435 \u0441\u043f\u043e\u0441\u043e\u0431\u0441\u0442\u0432\u0443\u0435\u0442 \u043f\u043e\u0434\u0433\u043e\u0442\u043e\u0432\u043a\u0435 \u0438 \u0440\u0435\u0430\u043b\u0438\u0437\u0430\u0446\u0438\u0438 \u0430\u043d\u0430\u043b\u0438\u0437\u0430 \u0441\u0443\u0449\u0435\u0441\u0442\u0432\u0443\u044e\u0449\u0438\u0445 \u043f\u0430\u0442\u0442\u0435\u0440\u043d\u043e\u0432 \u043f\u043e\u0432\u0435\u0434\u0435\u043d\u0438\u044f. \u041d\u043e \u0441\u0442\u0440\u0435\u043c\u044f\u0449\u0438\u0435\u0441\u044f \u0432\u044b\u0442\u0435\u0441\u043d\u0438\u0442\u044c \u0442\u0440\u0430\u0434\u0438\u0446\u0438\u043e\u043d\u043d\u043e\u0435 \u043f\u0440\u043e\u0438\u0437\u0432\u043e\u0434\u0441\u0442\u0432\u043e, \u043d\u0430\u043d\u043e\u0442\u0435\u0445\u043d\u043e\u043b\u043e\u0433\u0438\u0438 \u0444\u043e\u0440\u043c\u0438\u0440\u0443\u044e\u0442 \u0433\u043b\u043e\u0431\u0430\u043b\u044c\u043d\u0443\u044e \u044d\u043a\u043e\u043d\u043e\u043c\u0438\u0447\u0435\u0441\u043a\u0443\u044e \u0441\u0435\u0442\u044c \u0438 \u043f\u0440\u0438 \u044d\u0442\u043e\u043c - \u043f\u0440\u0435\u0434\u0430\u043d\u044b \u0441\u043e\u0446\u0438\u0430\u043b\u044c\u043d\u043e-\u0434\u0435\u043c\u043e\u043a\u0440\u0430\u0442\u0438\u0447\u0435\u0441\u043a\u043e\u0439 \u0430\u043d\u0430\u0444\u0435\u043c\u0435.\r\n\r\n\u0411\u0435\u0437\u0443\u0441\u043b\u043e\u0432\u043d\u043e, \u043f\u043e\u0441\u0442\u043e\u044f\u043d\u043d\u044b\u0439 \u043a\u043e\u043b\u0438\u0447\u0435\u0441\u0442\u0432\u0435\u043d\u043d\u044b\u0439 \u0440\u043e\u0441\u0442 \u0438 \u0441\u0444\u0435\u0440\u0430 \u043d\u0430\u0448\u0435\u0439 \u0430\u043a\u0442\u0438\u0432\u043d\u043e\u0441\u0442\u0438 \u043f\u0440\u0435\u0434\u043e\u043f\u0440\u0435\u0434\u0435\u043b\u044f\u0435\u0442 \u0432\u044b\u0441\u043e\u043a\u0443\u044e \u0432\u043e\u0441\u0442\u0440\u0435\u0431\u043e\u0432\u0430\u043d\u043d\u043e\u0441\u0442\u044c \u043d\u043e\u0432\u044b\u0445 \u043f\u0440\u0435\u0434\u043b\u043e\u0436\u0435\u043d\u0438\u0439. \u0412 \u0447\u0430\u0441\u0442\u043d\u043e\u0441\u0442\u0438, \u0443\u0431\u0435\u0436\u0434\u0451\u043d\u043d\u043e\u0441\u0442\u044c \u043d\u0435\u043a\u043e\u0442\u043e\u0440\u044b\u0445 \u043e\u043f\u043f\u043e\u043d\u0435\u043d\u0442\u043e\u0432, \u0432 \u0441\u0432\u043e\u0451\u043c \u043a\u043b\u0430\u0441\u0441\u0438\u0447\u0435\u0441\u043a\u043e\u043c \u043f\u0440\u0435\u0434\u0441\u0442\u0430\u0432\u043b\u0435\u043d\u0438\u0438, \u0434\u043e\u043f\u0443\u0441\u043a\u0430\u0435\u0442 \u0432\u043d\u0435\u0434\u0440\u0435\u043d\u0438\u0435 \u043a\u043b\u0430\u0441\u0442\u0435\u0440\u0438\u0437\u0430\u0446\u0438\u0438 \u0443\u0441\u0438\u043b\u0438\u0439. \u0411\u0430\u043d\u0430\u043b\u044c\u043d\u044b\u0435, \u043d\u043e \u043d\u0435\u043e\u043f\u0440\u043e\u0432\u0435\u0440\u0436\u0438\u043c\u044b\u0435 \u0432\u044b\u0432\u043e\u0434\u044b, \u0430 \u0442\u0430\u043a\u0436\u0435 \u043d\u0435\u0437\u0430\u0432\u0438\u0441\u0438\u043c\u044b\u0435 \u0433\u043e\u0441\u0443\u0434\u0430\u0440\u0441\u0442\u0432\u0430 \u0430\u0441\u0441\u043e\u0446\u0438\u0430\u0442\u0438\u0432\u043d\u043e \u0440\u0430\u0441\u043f\u0440\u0435\u0434\u0435\u043b\u0435\u043d\u044b \u043f\u043e \u043e\u0442\u0440\u0430\u0441\u043b\u044f\u043c. \u0412 \u0441\u0432\u043e\u0451\u043c \u0441\u0442\u0440\u0435\u043c\u043b\u0435\u043d\u0438\u0438 \u043f\u043e\u0432\u044b\u0441\u0438\u0442\u044c \u043a\u0430\u0447\u0435\u0441\u0442\u0432\u043e \u0436\u0438\u0437\u043d\u0438, \u043e\u043d\u0438 \u0437\u0430\u0431\u044b\u0432\u0430\u044e\u0442, \u0447\u0442\u043e \u0432\u044b\u0441\u043e\u043a\u043e\u0442\u0435\u0445\u043d\u043e\u043b\u043e\u0433\u0438\u0447\u043d\u0430\u044f \u043a\u043e\u043d\u0446\u0435\u043f\u0446\u0438\u044f \u043e\u0431\u0449\u0435\u0441\u0442\u0432\u0435\u043d\u043d\u043e\u0433\u043e \u0443\u043a\u043b\u0430\u0434\u0430 \u044f\u0432\u043b\u044f\u0435\u0442\u0441\u044f \u043a\u0430\u0447\u0435\u0441\u0442\u0432\u0435\u043d\u043d\u043e \u043d\u043e\u0432\u043e\u0439 \u0441\u0442\u0443\u043f\u0435\u043d\u044c\u044e \u0430\u043d\u0430\u043b\u0438\u0437\u0430 \u0441\u0443\u0449\u0435\u0441\u0442\u0432\u0443\u044e\u0449\u0438\u0445 \u043f\u0430\u0442\u0442\u0435\u0440\u043d\u043e\u0432 \u043f\u043e\u0432\u0435\u0434\u0435\u043d\u0438\u044f. \u0410 \u0442\u0430\u043a\u0436\u0435 \u0441\u0442\u043e\u0440\u043e\u043d\u043d\u0438\u043a\u0438 \u0442\u043e\u0442\u0430\u043b\u0438\u0442\u0430\u0440\u0438\u0437\u043c\u0430 \u0432 \u043d\u0430\u0443\u043a\u0435 \u044f\u0432\u043b\u044f\u044e\u0442\u0441\u044f \u0442\u043e\u043b\u044c\u043a\u043e \u043c\u0435\u0442\u043e\u0434\u043e\u043c \u043f\u043e\u043b\u0438\u0442\u0438\u0447\u0435\u0441\u043a\u043e\u0433\u043e \u0443\u0447\u0430\u0441\u0442\u0438\u044f \u0438 \u0437\u0430\u0431\u043b\u043e\u043a\u0438\u0440\u043e\u0432\u0430\u043d\u044b \u0432 \u0440\u0430\u043c\u043a\u0430\u0445 \u0441\u0432\u043e\u0438\u0445 \u0441\u043e\u0431\u0441\u0442\u0432\u0435\u043d\u043d\u044b\u0445 \u0440\u0430\u0446\u0438\u043e\u043d\u0430\u043b\u044c\u043d\u044b\u0445 \u043e\u0433\u0440\u0430\u043d\u0438\u0447\u0435\u043d\u0438\u0439. \u0420\u0430\u0437\u043d\u043e\u043e\u0431\u0440\u0430\u0437\u043d\u044b\u0439 \u0438 \u0431\u043e\u0433\u0430\u0442\u044b\u0439 \u043e\u043f\u044b\u0442 \u0433\u043e\u0432\u043e\u0440\u0438\u0442 \u043d\u0430\u043c, \u0447\u0442\u043e \u0433\u043b\u0443\u0431\u043e\u043a\u0438\u0439 \u0443\u0440\u043e\u0432\u0435\u043d\u044c \u043f\u043e\u0433\u0440\u0443\u0436\u0435\u043d\u0438\u044f \u043e\u0434\u043d\u043e\u0437\u043d\u0430\u0447\u043d\u043e \u0444\u0438\u043a\u0441\u0438\u0440\u0443\u0435\u0442 \u043d\u0435\u043e\u0431\u0445\u043e\u0434\u0438\u043c\u043e\u0441\u0442\u044c \u043d\u0430\u043f\u0440\u0430\u0432\u043b\u0435\u043d\u0438\u0439 \u043f\u0440\u043e\u0433\u0440\u0435\u0441\u0441\u0438\u0432\u043d\u043e\u0433\u043e \u0440\u0430\u0437\u0432\u0438\u0442\u0438\u044f.\r\n\r\n\u0412 \u0446\u0435\u043b\u043e\u043c, \u043a\u043e\u043d\u0435\u0447\u043d\u043e, \u0441\u043f\u043b\u043e\u0447\u0451\u043d\u043d\u043e\u0441\u0442\u044c \u043a\u043e\u043c\u0430\u043d\u0434\u044b \u043f\u0440\u043e\u0444\u0435\u0441\u0441\u0438\u043e\u043d\u0430\u043b\u043e\u0432 \u043d\u0435 \u0434\u0430\u0451\u0442 \u043d\u0430\u043c \u0438\u043d\u043e\u0433\u043e \u0432\u044b\u0431\u043e\u0440\u0430, \u043a\u0440\u043e\u043c\u0435 \u043e\u043f\u0440\u0435\u0434\u0435\u043b\u0435\u043d\u0438\u044f \u043a\u043b\u0430\u0441\u0442\u0435\u0440\u0438\u0437\u0430\u0446\u0438\u0438 \u0443\u0441\u0438\u043b\u0438\u0439. \u0421\u043b\u0435\u0434\u0443\u0435\u0442 \u043e\u0442\u043c\u0435\u0442\u0438\u0442\u044c, \u0447\u0442\u043e \u0434\u0430\u043b\u044c\u043d\u0435\u0439\u0448\u0435\u0435 \u0440\u0430\u0437\u0432\u0438\u0442\u0438\u0435 \u0440\u0430\u0437\u043b\u0438\u0447\u043d\u044b\u0445 \u0444\u043e\u0440\u043c \u0434\u0435\u044f\u0442\u0435\u043b\u044c\u043d\u043e\u0441\u0442\u0438 \u043f\u0440\u0435\u0434\u0441\u0442\u0430\u0432\u043b\u044f\u0435\u0442 \u0441\u043e\u0431\u043e\u0439 \u0438\u043d\u0442\u0435\u0440\u0435\u0441\u043d\u044b\u0439 \u044d\u043a\u0441\u043f\u0435\u0440\u0438\u043c\u0435\u043d\u0442 \u043f\u0440\u043e\u0432\u0435\u0440\u043a\u0438 \u0441\u0432\u043e\u0435\u0432\u0440\u0435\u043c\u0435\u043d\u043d\u043e\u0433\u043e \u0432\u044b\u043f\u043e\u043b\u043d\u0435\u043d\u0438\u044f \u0441\u0432\u0435\u0440\u0445\u0437\u0430\u0434\u0430\u0447\u0438. \u0412 \u0447\u0430\u0441\u0442\u043d\u043e\u0441\u0442\u0438, \u0433\u0440\u0430\u043d\u0438\u0446\u0430 \u043e\u0431\u0443\u0447\u0435\u043d\u0438\u044f \u043a\u0430\u0434\u0440\u043e\u0432 \u043e\u0434\u043d\u043e\u0437\u043d\u0430\u0447\u043d\u043e \u043e\u043f\u0440\u0435\u0434\u0435\u043b\u044f\u0435\u0442 \u043a\u0430\u0436\u0434\u043e\u0433\u043e \u0443\u0447\u0430\u0441\u0442\u043d\u0438\u043a\u0430 \u043a\u0430\u043a \u0441\u043f\u043e\u0441\u043e\u0431\u043d\u043e\u0433\u043e \u043f\u0440\u0438\u043d\u0438\u043c\u0430\u0442\u044c \u0441\u043e\u0431\u0441\u0442\u0432\u0435\u043d\u043d\u044b\u0435 \u0440\u0435\u0448\u0435\u043d\u0438\u044f \u043a\u0430\u0441\u0430\u0435\u043c\u043e \u0441\u0438\u0441\u0442\u0435\u043c\u044b \u043e\u0431\u0443\u0447\u0435\u043d\u0438\u044f \u043a\u0430\u0434\u0440\u043e\u0432, \u0441\u043e\u043e\u0442\u0432\u0435\u0442\u0441\u0442\u0432\u0443\u044e\u0449\u0435\u0439 \u043d\u0430\u0441\u0443\u0449\u043d\u044b\u043c \u043f\u043e\u0442\u0440\u0435\u0431\u043d\u043e\u0441\u0442\u044f\u043c!\r\n\r\n\u041a\u0441\u0442\u0430\u0442\u0438, \u0441\u0442\u043e\u0440\u043e\u043d\u043d\u0438\u043a\u0438 \u0442\u043e\u0442\u0430\u043b\u0438\u0442\u0430\u0440\u0438\u0437\u043c\u0430 \u0432 \u043d\u0430\u0443\u043a\u0435 \u043b\u0438\u0448\u044c \u0434\u043e\u0431\u0430\u0432\u043b\u044f\u044e\u0442 \u0444\u0440\u0430\u043a\u0446\u0438\u043e\u043d\u043d\u044b\u0445 \u0440\u0430\u0437\u043d\u043e\u0433\u043b\u0430\u0441\u0438\u0439 \u0438 \u043e\u043f\u0438\u0441\u0430\u043d\u044b \u043c\u0430\u043a\u0441\u0438\u043c\u0430\u043b\u044c\u043d\u043e \u043f\u043e\u0434\u0440\u043e\u0431\u043d\u043e. \u0421 \u0443\u0447\u0451\u0442\u043e\u043c \u0441\u043b\u043e\u0436\u0438\u0432\u0448\u0435\u0439\u0441\u044f \u043c\u0435\u0436\u0434\u0443\u043d\u0430\u0440\u043e\u0434\u043d\u043e\u0439 \u043e\u0431\u0441\u0442\u0430\u043d\u043e\u0432\u043a\u0438, \u043f\u043e\u0441\u0442\u043e\u044f\u043d\u043d\u043e\u0435 \u0438\u043d\u0444\u043e\u0440\u043c\u0430\u0446\u0438\u043e\u043d\u043d\u043e-\u043f\u0440\u043e\u043f\u0430\u0433\u0430\u043d\u0434\u0438\u0441\u0442\u0441\u043a\u043e\u0435 \u043e\u0431\u0435\u0441\u043f\u0435\u0447\u0435\u043d\u0438\u0435 \u043d\u0430\u0448\u0435\u0439 \u0434\u0435\u044f\u0442\u0435\u043b\u044c\u043d\u043e\u0441\u0442\u0438 \u0442\u0440\u0435\u0431\u0443\u0435\u0442 \u043e\u0442 \u043d\u0430\u0441 \u0430\u043d\u0430\u043b\u0438\u0437\u0430 \u043a\u0430\u043a \u0441\u0430\u043c\u043e\u0434\u043e\u0441\u0442\u0430\u0442\u043e\u0447\u043d\u044b\u0445, \u0442\u0430\u043a \u0438 \u0432\u043d\u0435\u0448\u043d\u0435 \u0437\u0430\u0432\u0438\u0441\u0438\u043c\u044b\u0445 \u043a\u043e\u043d\u0446\u0435\u043f\u0442\u0443\u0430\u043b\u044c\u043d\u044b\u0445 \u0440\u0435\u0448\u0435\u043d\u0438\u0439.\r\n\r\n\u042f\u0441\u043d\u043e\u0441\u0442\u044c \u043d\u0430\u0448\u0435\u0439 \u043f\u043e\u0437\u0438\u0446\u0438\u0438 \u043e\u0447\u0435\u0432\u0438\u0434\u043d\u0430: \u0432\u044b\u0431\u0440\u0430\u043d\u043d\u044b\u0439 \u043d\u0430\u043c\u0438 \u0438\u043d\u043d\u043e\u0432\u0430\u0446\u0438\u043e\u043d\u043d\u044b\u0439 \u043f\u0443\u0442\u044c \u043f\u0440\u0435\u0434\u0441\u0442\u0430\u0432\u043b\u044f\u0435\u0442 \u0441\u043e\u0431\u043e\u0439 \u0438\u043d\u0442\u0435\u0440\u0435\u0441\u043d\u044b\u0439 \u044d\u043a\u0441\u043f\u0435\u0440\u0438\u043c\u0435\u043d\u0442 \u043f\u0440\u043e\u0432\u0435\u0440\u043a\u0438 \u043a\u043b\u0430\u0441\u0442\u0435\u0440\u0438\u0437\u0430\u0446\u0438\u0438 \u0443\u0441\u0438\u043b\u0438\u0439. \u041f\u0440\u0438\u043d\u0438\u043c\u0430\u044f \u0432\u043e \u0432\u043d\u0438\u043c\u0430\u043d\u0438\u0435 \u043f\u043e\u043a\u0430\u0437\u0430\u0442\u0435\u043b\u0438 \u0443\u0441\u043f\u0435\u0448\u043d\u043e\u0441\u0442\u0438, \u0441\u043b\u043e\u0436\u0438\u0432\u0448\u0430\u044f\u0441\u044f \u0441\u0442\u0440\u0443\u043a\u0442\u0443\u0440\u0430 \u043e\u0440\u0433\u0430\u043d\u0438\u0437\u0430\u0446\u0438\u0438 \u0432 \u0437\u043d\u0430\u0447\u0438\u0442\u0435\u043b\u044c\u043d\u043e\u0439 \u0441\u0442\u0435\u043f\u0435\u043d\u0438 \u043e\u0431\u0443\u0441\u043b\u043e\u0432\u043b\u0438\u0432\u0430\u0435\u0442 \u0432\u0430\u0436\u043d\u043e\u0441\u0442\u044c \u0432\u044b\u0432\u043e\u0434\u0430 \u0442\u0435\u043a\u0443\u0449\u0438\u0445 \u0430\u043a\u0442\u0438\u0432\u043e\u0432.\r\n\r\n\u041f\u043e\u0432\u0441\u0435\u0434\u043d\u0435\u0432\u043d\u0430\u044f \u043f\u0440\u0430\u043a\u0442\u0438\u043a\u0430 \u043f\u043e\u043a\u0430\u0437\u044b\u0432\u0430\u0435\u0442, \u0447\u0442\u043e \u043f\u0435\u0440\u0441\u043f\u0435\u043a\u0442\u0438\u0432\u043d\u043e\u0435 \u043f\u043b\u0430\u043d\u0438\u0440\u043e\u0432\u0430\u043d\u0438\u0435 \u043e\u0434\u043d\u043e\u0437\u043d\u0430\u0447\u043d\u043e \u043e\u043f\u0440\u0435\u0434\u0435\u043b\u044f\u0435\u0442 \u043a\u0430\u0436\u0434\u043e\u0433\u043e \u0443\u0447\u0430\u0441\u0442\u043d\u0438\u043a\u0430 \u043a\u0430\u043a \u0441\u043f\u043e\u0441\u043e\u0431\u043d\u043e\u0433\u043e \u043f\u0440\u0438\u043d\u0438\u043c\u0430\u0442\u044c \u0441\u043e\u0431\u0441\u0442\u0432\u0435\u043d\u043d\u044b\u0435 \u0440\u0435\u0448\u0435\u043d\u0438\u044f \u043a\u0430\u0441\u0430\u0435\u043c\u043e \u0441\u043e\u043e\u0442\u0432\u0435\u0442\u0441\u0442\u0432\u0443\u044e\u0449\u0438\u0445 \u0443\u0441\u043b\u043e\u0432\u0438\u0439 \u0430\u043a\u0442\u0438\u0432\u0438\u0437\u0430\u0446\u0438\u0438. \u0420\u0430\u0437\u043d\u043e\u043e\u0431\u0440\u0430\u0437\u043d\u044b\u0439 \u0438 \u0431\u043e\u0433\u0430\u0442\u044b\u0439 \u043e\u043f\u044b\u0442 \u0433\u043e\u0432\u043e\u0440\u0438\u0442 \u043d\u0430\u043c, \u0447\u0442\u043e \u043f\u043e\u0441\u0442\u043e\u044f\u043d\u043d\u044b\u0439 \u043a\u043e\u043b\u0438\u0447\u0435\u0441\u0442\u0432\u0435\u043d\u043d\u044b\u0439 \u0440\u043e\u0441\u0442 \u0438 \u0441\u0444\u0435\u0440\u0430 \u043d\u0430\u0448\u0435\u0439 \u0430\u043a\u0442\u0438\u0432\u043d\u043e\u0441\u0442\u0438 \u0432 \u0437\u043d\u0430\u0447\u0438\u0442\u0435\u043b\u044c\u043d\u043e\u0439 \u0441\u0442\u0435\u043f\u0435\u043d\u0438 \u043e\u0431\u0443\u0441\u043b\u043e\u0432\u043b\u0438\u0432\u0430\u0435\u0442 \u0432\u0430\u0436\u043d\u043e\u0441\u0442\u044c \u0434\u0430\u043b\u044c\u043d\u0435\u0439\u0448\u0438\u0445 \u043d\u0430\u043f\u0440\u0430\u0432\u043b\u0435\u043d\u0438\u0439 \u0440\u0430\u0437\u0432\u0438\u0442\u0438\u044f. \u041f\u0440\u0438\u044f\u0442\u043d\u043e, \u0433\u0440\u0430\u0436\u0434\u0430\u043d\u0435, \u043d\u0430\u0431\u043b\u044e\u0434\u0430\u0442\u044c, \u043a\u0430\u043a \u0438\u043d\u0442\u0435\u0440\u0430\u043a\u0442\u0438\u0432\u043d\u044b\u0435 \u043f\u0440\u043e\u0442\u043e\u0442\u0438\u043f\u044b \u043f\u0440\u0435\u0434\u0430\u043d\u044b \u0441\u043e\u0446\u0438\u0430\u043b\u044c\u043d\u043e-\u0434\u0435\u043c\u043e\u043a\u0440\u0430\u0442\u0438\u0447\u0435\u0441\u043a\u043e\u0439 \u0430\u043d\u0430\u0444\u0435\u043c\u0435. \u0422\u0430\u043a\u0436\u0435 \u043a\u0430\u043a \u0443\u043a\u0440\u0435\u043f\u043b\u0435\u043d\u0438\u0435 \u0438 \u0440\u0430\u0437\u0432\u0438\u0442\u0438\u0435 \u0432\u043d\u0443\u0442\u0440\u0435\u043d\u043d\u0435\u0439 \u0441\u0442\u0440\u0443\u043a\u0442\u0443\u0440\u044b \u0441\u043e\u0437\u0434\u0430\u0451\u0442 \u043d\u0435\u043e\u0431\u0445\u043e\u0434\u0438\u043c\u043e\u0441\u0442\u044c \u0432\u043a\u043b\u044e\u0447\u0435\u043d\u0438\u044f \u0432 \u043f\u0440\u043e\u0438\u0437\u0432\u043e\u0434\u0441\u0442\u0432\u0435\u043d\u043d\u044b\u0439 \u043f\u043b\u0430\u043d \u0446\u0435\u043b\u043e\u0433\u043e \u0440\u044f\u0434\u0430 \u0432\u043d\u0435\u043e\u0447\u0435\u0440\u0435\u0434\u043d\u044b\u0445 \u043c\u0435\u0440\u043e\u043f\u0440\u0438\u044f\u0442\u0438\u0439 \u0441 \u0443\u0447\u0451\u0442\u043e\u043c \u043a\u043e\u043c\u043f\u043b\u0435\u043a\u0441\u0430 \u043f\u043e\u0441\u0442\u0430\u0432\u043b\u0435\u043d\u043d\u044b\u0445 \u043e\u0431\u0449\u0435\u0441\u0442\u0432\u043e\u043c \u0437\u0430\u0434\u0430\u0447.\r\n\r\n\u0421 \u0434\u0440\u0443\u0433\u043e\u0439 \u0441\u0442\u043e\u0440\u043e\u043d\u044b, \u0441\u0438\u043d\u0442\u0435\u0442\u0438\u0447\u0435\u0441\u043a\u043e\u0435 \u0442\u0435\u0441\u0442\u0438\u0440\u043e\u0432\u0430\u043d\u0438\u0435, \u0430 \u0442\u0430\u043a\u0436\u0435 \u0441\u0432\u0435\u0436\u0438\u0439 \u0432\u0437\u0433\u043b\u044f\u0434 \u043d\u0430 \u043f\u0440\u0438\u0432\u044b\u0447\u043d\u044b\u0435 \u0432\u0435\u0449\u0438 - \u0431\u0435\u0437\u0443\u0441\u043b\u043e\u0432\u043d\u043e \u043e\u0442\u043a\u0440\u044b\u0432\u0430\u0435\u0442 \u043d\u043e\u0432\u044b\u0435 \u0433\u043e\u0440\u0438\u0437\u043e\u043d\u0442\u044b \u0434\u043b\u044f \u043a\u043b\u0430\u0441\u0442\u0435\u0440\u0438\u0437\u0430\u0446\u0438\u0438 \u0443\u0441\u0438\u043b\u0438\u0439. \u042f\u0441\u043d\u043e\u0441\u0442\u044c \u043d\u0430\u0448\u0435\u0439 \u043f\u043e\u0437\u0438\u0446\u0438\u0438 \u043e\u0447\u0435\u0432\u0438\u0434\u043d\u0430: \u0434\u0430\u043b\u044c\u043d\u0435\u0439\u0448\u0435\u0435 \u0440\u0430\u0437\u0432\u0438\u0442\u0438\u0435 \u0440\u0430\u0437\u043b\u0438\u0447\u043d\u044b\u0445 \u0444\u043e\u0440\u043c \u0434\u0435\u044f\u0442\u0435\u043b\u044c\u043d\u043e\u0441\u0442\u0438 \u0433\u043e\u0432\u043e\u0440\u0438\u0442 \u043e \u0432\u043e\u0437\u043c\u043e\u0436\u043d\u043e\u0441\u0442\u044f\u0445 \u043f\u0435\u0440\u0432\u043e\u043e\u0447\u0435\u0440\u0435\u0434\u043d\u044b\u0445 \u0442\u0440\u0435\u0431\u043e\u0432\u0430\u043d\u0438\u0439. \u0412 \u0441\u0432\u043e\u0451\u043c \u0441\u0442\u0440\u0435\u043c\u043b\u0435\u043d\u0438\u0438 \u0443\u043b\u0443\u0447\u0448\u0438\u0442\u044c \u043f\u043e\u043b\u044c\u0437\u043e\u0432\u0430\u0442\u0435\u043b\u044c\u0441\u043a\u0438\u0439 \u043e\u043f\u044b\u0442 \u043c\u044b \u0443\u043f\u0443\u0441\u043a\u0430\u0435\u043c, \u0447\u0442\u043e \u043f\u0440\u0435\u0434\u0441\u0442\u0430\u0432\u0438\u0442\u0435\u043b\u0438 \u0441\u043e\u0432\u0440\u0435\u043c\u0435\u043d\u043d\u044b\u0445 \u0441\u043e\u0446\u0438\u0430\u043b\u044c\u043d\u044b\u0445 \u0440\u0435\u0437\u0435\u0440\u0432\u043e\u0432 \u043d\u0430\u0431\u0438\u0440\u0430\u044e\u0442 \u043f\u043e\u043f\u0443\u043b\u044f\u0440\u043d\u043e\u0441\u0442\u044c \u0441\u0440\u0435\u0434\u0438 \u043e\u043f\u0440\u0435\u0434\u0435\u043b\u0435\u043d\u043d\u044b\u0445 \u0441\u043b\u043e\u0435\u0432 \u043d\u0430\u0441\u0435\u043b\u0435\u043d\u0438\u044f, \u0430 \u0437\u043d\u0430\u0447\u0438\u0442, \u0434\u043e\u043b\u0436\u043d\u044b \u0431\u044b\u0442\u044c \u0443\u043a\u0430\u0437\u0430\u043d\u044b \u043a\u0430\u043a \u043f\u0440\u0435\u0442\u0435\u043d\u0434\u0435\u043d\u0442\u044b \u043d\u0430 \u0440\u043e\u043b\u044c \u043a\u043b\u044e\u0447\u0435\u0432\u044b\u0445 \u0444\u0430\u043a\u0442\u043e\u0440\u043e\u0432.", "pub_date": "2022-11-01T21:11:56.465Z", "author": 1, "group": 1, "image": "posts/Cosmos_krWp81J.jpg"}}, {"model": "posts.post", "pk": 16, "fields": {"text": "\u042f \u043b\u044e\u0431\u043b\u044e \u043f\u0438\u0441\u0430\u0442\u044c \u0442\u0435\u0441\u0442\u044b! \ud83e\udde1", "pub_date": "2022-11-01T21:12:19.522Z", "author": 1, "group": 2, "image": "posts/\u041e\u043d\u043b\u0430\u0439\u043d-\u0442\u0435\u0441\u0442\u0438\u0440\u043e\u0432\u0430\u043d\u0438\u0435_DfxHqSN.jpg"}}, {"model": "posts.post", "pk": 17, "fields": {"text": "\u041f\u0440\u0438\u0432\u0435\u0442, \u043c\u0438\u0440!", "pub_date": "2022-11-02T18:00:59.816Z", "author": 1, "group": 1, "image": "posts/world.jpg"}}, {"model": "admin.logentry", "pk": 1, "fields": {"action_time": "2022-11-01T20:57:39.901Z", "user": 1, "content_type": 8, "object_id": "1", "object_repr": "\u041a\u043e\u0441\u043c\u043e\u0441", "action_flag": 1, "change_message": "[{\"added\": {}}]"}}, {"model": "admin.logentry", "pk": 2, "fields": {"action_time": "2022-11-01T20:57:56.240Z", "user": 1, "content_type": 8, "object_id": "2", "object_repr": "\u0410\u0432\u0442\u043e\u043c\u0430\u0442\u0438\u0437\u0438\u0440\u043e\u0432\u0430\u043d\u043d\u044b\u0435 \u0442\u0435\u0441\u0442\u044b", "action_flag": 1, "change_message": "[{\"added\": {}}]"}}, {"model": "admin.logentry", "pk": 3, "fields": {"action_time": "2022-11-01T20:58:56.843Z", "user": 1, "content_type": 10, "object_id": "2", "object_repr": "leo", "action_flag": 1, "change_message": "[{\"added\": {}}]"}}, {"model": "admin.logentry", "pk": 4, "fields": {"action_time": "2022-11-01T20:59:15.007Z", "user": 1, "content_type": 10, "object_id": "2", "object_repr": "leo", "action_flag": 2, "change_message": "[{\"changed\": {\"fields\": [\"first_name\", \"last_name\", \"profile_pic\", \"city\"]}}]"}}, {"model": "admin.logentry", "pk": 5, "fields": {"action_time": "2022-11-01T20:59:39.366Z", "user": 1, "content_type": 8, "object_id": "3", "object_repr": "\u0420\u0443\u0441\u0441\u043a\u0430\u044f \u043b\u0438\u0442\u0435\u0440\u0430\u0442\u0443\u0440\u0430", "action_flag": 1, "change_message": "[{\"added\": {}}]"}}, {"model": "admin.logentry", "pk": 6, "fields": {"action_time": "2022-11-01T20:59:58.952Z", "user": 1, "content_type": 9, "object_id": "2", "object_repr": "[\u0424\u043e\u043a\u0448\u0430\u043d\u044b.] \u0415\u0449\u0435 ", "action_flag": 1, "change_message": "[{\"added\": {}}]"}}, {"model": "admin.logentry", "pk": 7, "fields": {"action_time": "2022-11-01T21:06:55.651Z", "user": 1, "content_type": 9, "object_id": "1", "object_repr": "\u041f\u0440\u0438\u043d\u0438\u043c\u0430\u044f \u0432\u043e \u0432\u043d\u0438", "action_flag": 3, "change_message": ""}}, {"model": "admin.logentry", "pk": 8, "fields": {"action_time": "2022-11-01T21:06:55.656Z", "user": 1, "content_type": 9, "object_id": "2", "object_repr": "[\u0424\u043e\u043a\u0448\u0430\u043d\u044b.] \u0415\u0449\u0435 ", "action_flag": 3, "change_message": ""}}, {"model": "admin.logentry", "pk": 9, "fields": {"action_time": "2022-11-01T21:07:13.310Z", "user": 1, "content_type": 9, "object_id": "3", "object_repr": "[\u0424\u043e\u043a\u0448\u0430\u043d\u044b.] \u0415\u0449\u0435 ", "action_flag": 1, "change_message": "[{\"added\": {}}]"}}, {"model": "admin.logentry", "pk": 10, "fields": {"action_time": "2022-11-01T21:07:29.463Z", "user": 1, "content_type": 9, "object_id": "4", "object_repr": "[\u0420\u044b\u043c\u043d\u0438\u043a.] \u0421\u0434\u0463\u043b\u0430", "action_flag": 1, "change_message": "[{\"added\": {}}]"}}, {"model": "admin.logentry", "pk": 11, "fields": {"action_time": "2022-11-01T21:08:28.049Z", "user": 1, "content_type": 8, "object_id": "3", "object_repr": "\u0420\u0443\u0441\u0441\u043a\u0430\u044f \u043b\u0438\u0442\u0435\u0440\u0430\u0442\u0443\u0440\u0430", "action_flag": 3, "change_message": ""}}, {"model": "admin.logentry", "pk": 12, "fields": {"action_time": "2022-11-01T21:08:35.321Z", "user": 1, "content_type": 9, "object_id": "4", "object_repr": "[\u0420\u044b\u043c\u043d\u0438\u043a.] \u0421\u0434\u0463\u043b\u0430", "action_flag": 3, "change_message": ""}}, {"model": "admin.logentry", "pk": 13, "fields": {"action_time": "2022-11-01T21:09:23.702Z", "user": 1, "content_type": 8, "object_id": "4", "object_repr": "\u0420\u0443\u0441\u0441\u043a\u0430\u044f \u043b\u0438\u0442\u0435\u0440\u0430\u0442\u0443\u0440\u0430", "action_flag": 1, "change_message": "[{\"added\": {}}]"}}, {"model": "admin.logentry", "pk": 14, "fields": {"action_time": "2022-11-01T21:09:25.782Z", "user": 1, "content_type": 9, "object_id": "5", "object_repr": "[\u0420\u044b\u043c\u043d\u0438\u043a.] \u0421\u0434\u0463\u043b\u0430", "action_flag": 1, "change_message": "[{\"added\": {}}]"}}, {"model": "admin.logentry", "pk": 15, "fields": {"action_time": "2022-11-01T21:09:40.857Z", "user": 1, "content_type": 9, "object_id": "6", "object_repr": "\u0418\u0441\u043f\u0440\u0430\u0432\u043b\u0435\u043d\u0456\u0435 \u043c\u043e\u0435", "action_flag": 1, "change_message": "[{\"added\": {}}]"}}, {"model": "admin.logentry", "pk": 16, "fields": {"action_time": "2022-11-01T21:09:51.817Z", "user": 1, "content_type": 9, "object_id": "7", "object_repr": "\u041f\u0438\u0448\u0443 \u0432\u044a \u0441\u0430\u043c\u043e\u043c\u044a ", "action_flag": 1, "change_message": "[{\"added\": {}}]"}}, {"model": "admin.logentry", "pk": 17, "fields": {"action_time": "2022-11-01T21:10:08.179Z", "user": 1, "content_type": 9, "object_id": "8", "object_repr": "\u0426\u0463\u043b\u044b\u0439 \u0434\u0435\u043d\u044c \u043f\u0440\u043e\u0431", "action_flag": 1, "change_message": "[{\"added\": {}}]"}}, {"model": "admin.logentry", "pk": 18, "fields": {"action_time": "2022-11-01T21:10:17.227Z", "user": 1, "content_type": 9, "object_id": "9", "object_repr": "[\u041a\u0443\u0440\u0435\u0448\u0442\u0438?] \u0423\u0442\u0440\u043e", "action_flag": 1, "change_message": "[{\"added\": {}}]"}}, {"model": "admin.logentry", "pk": 19, "fields": {"action_time": "2022-11-01T21:10:26.536Z", "user": 1, "content_type": 9, "object_id": "10", "object_repr": "\u0420\u0430\u043d\u043e \u0432\u044b\u0441\u0442\u0443\u043f\u0438\u043b\u0438 ", "action_flag": 1, "change_message": "[{\"added\": {}}]"}}, {"model": "admin.logentry", "pk": 20, "fields": {"action_time": "2022-11-01T21:10:35.627Z", "user": 1, "content_type": 9, "object_id": "11", "object_repr": "[\u0411\u0443\u0437\u0435\u043e.] \u041e\u043f\u044f\u0442\u044c ", "action_flag": 1, "change_message": "[{\"added\": {}}]"}}, {"model": "admin.logentry", "pk": 21, "fields": {"action_time": "2022-11-01T21:11:03.701Z", "user": 1, "content_type": 9, "object_id": "12", "object_repr": "\u041d\u044b\u043d\u0447\u0435 \u0441\u044a \u0443\u0442\u0440\u0430 \u0445", "action_flag": 1, "change_message": "[{\"added\": {}}]"}}, {"model": "admin.logentry", "pk": 22, "fields": {"action_time": "2022-11-01T21:11:18.491Z", "user": 1, "content_type": 9, "object_id": "13", "object_repr": "\u041e\u043f\u044f\u0442\u044c \u043f\u0435\u0440\u0435\u0445\u043e\u0434\u044a,", "action_flag": 1, "change_message": "[{\"added\": {}}]"}}, {"model": "admin.logentry", "pk": 23, "fields": {"action_time": "2022-11-01T21:11:33.055Z", "user": 1, "content_type": 9, "object_id": "14", "object_repr": "[\u0421\u0438\u043d\u0435\u0448\u0442\u0438.] \u0420\u0430\u043d\u043e", "action_flag": 1, "change_message": "[{\"added\": {}}]"}}, {"model": "admin.logentry", "pk": 24, "fields": {"action_time": "2022-11-01T21:11:56.470Z", "user": 1, "content_type": 9, "object_id": "15", "object_repr": "\u041f\u0440\u0438\u043d\u0438\u043c\u0430\u044f \u0432\u043e \u0432\u043d\u0438", "action_flag": 1, "change_message": "[{\"added\": {}}]"}}, {"model": "admin.logentry", "pk": 25, "fields": {"action_time": "2022-11-01T21:12:19.526Z", "user": 1, "content_type": 9, "object_id": "16", "object_repr": "\u042f \u043b\u044e\u0431\u043b\u044e \u043f\u0438\u0441\u0430\u0442\u044c ", "action_flag": 1, "change_message": "[{\"added\": {}}]"}}, {"model": "admin.logentry", "pk": 26, "fields": {"action_time": "2022-11-02T18:43:11.993Z", "user": 1, "content_type": 10, "object_id": "4", "object_repr": "artem", "action_flag": 3, "change_message": ""}}, {"model": "admin.logentry", "pk": 27, "fields": {"action_time": "2022-11-02T18:43:12.009Z", "user": 1, "content_type": 10, "object_id": "3", "object_repr": "test", "action_flag": 3, "change_message": ""}}, {"model": "admin.logentry", "pk": 28, "fields": {"action_time": "2022-11-02T18:51:23.921Z", "user": 1, "content_type": 10, "object_id": "2", "object_repr": "leo", "action_flag": 2, "change_message": "[{\"changed\": {\"fields\": [\"profile_pic\"]}}]"}}, {"model": "admin.logentry", "pk": 29, "fields": {"action_time": "2022-11-02T18:52:46.114Z", "user": 1, "content_type": 9, "object_id": "3", "object_repr": "[\u0424\u043e\u043a\u0448\u0430\u043d\u044b.] \u0415\u0449\u0435 ", "action_flag": 2, "change_message": "[{\"changed\": {\"fields\": [\"author\", \"group\"]}}]"}}, {"model": "admin.logentry", "pk": 30, "fields": {"action_time": "2022-11-02T18:52:50.762Z", "user": 1, "content_type": 9, "object_id": "5", "object_repr": "[\u0420\u044b\u043c\u043d\u0438\u043a.] \u0421\u0434\u0463\u043b\u0430", "action_flag": 2, "change_message": "[{\"changed\": {\"fields\": [\"author\", \"group\"]}}]"}}, {"model": "admin.logentry", "pk": 31, "fields": {"action_time": "2022-11-02T18:52:55.541Z", "user": 1, "content_type": 9, "object_id": "6", "object_repr": "\u0418\u0441\u043f\u0440\u0430\u0432\u043b\u0435\u043d\u0456\u0435 \u043c\u043e\u0435", "action_flag": 2, "change_message": "[{\"changed\": {\"fields\": [\"author\", \"group\"]}}]"}}, {"model": "admin.logentry", "pk": 32, "fields": {"action_time": "2022-11-02T18:52:59.516Z", "user": 1, "content_type": 9, "object_id": "7", "object_repr": "\u041f\u0438\u0448\u0443 \u0432\u044a \u0441\u0430\u043c\u043e\u043c\u044a ", "action_flag": 2, "change_message": "[{\"changed\": {\"fields\": [\"author\", \"group\"]}}]"}}, {"model": "admin.logentry", "pk": 33, "fields": {"action_time": "2022-11-02T18:53:03.623Z", "user": 1, "content_type": 9, "object_id": "8", "object_repr": "\u0426\u0463\u043b\u044b\u0439 \u0434\u0435\u043d\u044c \u043f\u0440\u043e\u0431", "action_flag": 2, "change_message": "[{\"changed\": {\"fields\": [\"author\", \"group\"]}}]"}}, {"model": "admin.logentry", "pk": 34, "fields": {"action_time": "2022-11-02T18:53:07.710Z", "user": 1, "content_type": 9, "object_id": "9", "object_repr": "[\u041a\u0443\u0440\u0435\u0448\u0442\u0438?] \u0423\u0442\u0440\u043e", "action_flag": 2, "change_message": "[{\"changed\": {\"fields\": [\"author\", \"group\"]}}]"}}, {"model": "admin.logentry", "pk": 35, "fields": {"action_time": "2022-11-02T18:54:31.843Z", "user": 1, "content_type": 9, "object_id": "16", "object_repr": "\u042f \u043b\u044e\u0431\u043b\u044e \u043f\u0438\u0441\u0430\u0442\u044c ", "action_flag": 2, "change_message": "[{\"changed\": {\"fields\": [\"group\"]}}]"}}, {"model": "admin.logentry", "pk": 36, "fields": {"action_time": "2022-11-02T18:54:31.851Z", "user": 1, "content_type": 9, "object_id": "15", "object_repr": "\u041f\u0440\u0438\u043d\u0438\u043c\u0430\u044f \u0432\u043e \u0432\u043d\u0438", "action_flag": 2, "change_message": "[{\"changed\": {\"fields\": [\"group\"]}}]"}}, {"model": "admin.logentry", "pk": 37, "fields": {"action_time": "2022-11-02T18:54:38.425Z", "user": 1, "content_type": 9, "object_id": "10", "object_repr": "\u0420\u0430\u043d\u043e \u0432\u044b\u0441\u0442\u0443\u043f\u0438\u043b\u0438 ", "action_flag": 2, "change_message": "[{\"changed\": {\"fields\": [\"author\", \"group\"]}}]"}}, {"model": "admin.logentry", "pk": 38, "fields": {"action_time": "2022-11-02T18:54:42.770Z", "user": 1, "content_type": 9, "object_id": "11", "object_repr": "[\u0411\u0443\u0437\u0435\u043e.] \u041e\u043f\u044f\u0442\u044c ", "action_flag": 2, "change_message": "[{\"changed\": {\"fields\": [\"author\", \"group\"]}}]"}}, {"model": "admin.logentry", "pk": 39, "fields": {"action_time": "2022-11-02T18:54:46.809Z", "user": 1, "content_type": 9, "object_id": "12", "object_repr": "\u041d\u044b\u043d\u0447\u0435 \u0441\u044a \u0443\u0442\u0440\u0430 \u0445", "action_flag": 2, "change_message": "[{\"changed\": {\"fields\": [\"author\", \"group\"]}}]"}}, {"model": "admin.logentry", "pk": 40, "fields": {"action_time": "2022-11-02T18:54:50.853Z", "user": 1, "content_type": 9, "object_id": "13", "object_repr": "\u041e\u043f\u044f\u0442\u044c \u043f\u0435\u0440\u0435\u0445\u043e\u0434\u044a,", "action_flag": 2, "change_message": "[{\"changed\": {\"fields\": [\"author\", \"group\"]}}]"}}, {"model": "admin.logentry", "pk": 41, "fields": {"action_time": "2022-11-02T18:54:54.983Z", "user": 1, "content_type": 9, "object_id": "14", "object_repr": "[\u0421\u0438\u043d\u0435\u0448\u0442\u0438.] \u0420\u0430\u043d\u043e", "action_flag": 2, "change_message": "[{\"changed\": {\"fields\": [\"author\", \"group\"]}}]"}}, {"model": "admin.logentry", "pk": 42, "fields": {"action_time": "2022-11-02T19:23:16.978Z", "user": 1, "content_type": 7, "object_id": "19", "object_repr": "admin", "action_flag": 3, "change_message": ""}}, {"model": "admin.logentry", "pk": 43, "fields": {"action_time": "2022-11-02T19:23:16.994Z", "user": 1, "content_type": 7, "object_id": "18", "object_repr": "admin", "action_flag": 3, "change_message": ""}}, {"model": "admin.logentry", "pk": 44, "fields": {"action_time": "2022-11-02T19:23:16.998Z", "user": 1, "content_type": 7, "object_id": "17", "object_repr": "admin", "action_flag": 3, "change_message": ""}}, {"model": "admin.logentry", "pk": 45, "fields": {"action_time": "2022-11-02T19:23:17.001Z", "user": 1, "content_type": 7, "object_id": "16", "object_repr": "admin", "action_flag": 3, "change_message": ""}}, {"model": "admin.logentry", "pk": 46, "fields": {"action_time": "2022-11-02T19:23:17.004Z", "user": 1, "content_type": 7, "object_id": "15", "object_repr": "admin", "action_flag": 3, "change_message": ""}}, {"model": "admin.logentry", "pk": 47, "fields": {"action_time": "2022-11-02T19:23:17.007Z", "user": 1, "content_type": 7, "object_id": "14", "object_repr": "admin", "action_flag": 3, "change_message": ""}}, {"model": "admin.logentry", "pk": 48, "fields": {"action_time": "2022-11-02T19:23:17.010Z", "user": 1, "content_type": 7, "object_id": "13", "object_repr": "admin", "action_flag": 3, "change_message": ""}}, {"model": "admin.logentry", "pk": 49, "fields": {"action_time": "2022-11-02T19:23:17.013Z", "user": 1, "content_type": 7, "object_id": "12", "object_repr": "admin", "action_flag": 3, "change_message": ""}}, {"model": "admin.logentry", "pk": 50, "fields": {"action_time": "2022-11-02T19:23:50.531Z", "user": 1, "content_type": 7, "object_id": "22", "object_repr": "admin", "action_flag": 3, "change_message": ""}}, {"model": "admin.logentry", "pk": 51, "fields": {"action_time": "2022-11-02T19:23:50.535Z", "user": 1, "content_type": 7, "object_id": "21", "object_repr": "admin", "action_flag": 3, "change_message": ""}}, {"model": "admin.logentry", "pk": 52, "fields": {"action_time": "2022-11-02T19:23:50.537Z", "user": 1, "content_type": 7, "object_id": "20", "object_repr": "admin", "action_flag": 3, "change_message": ""}}, {"model": "admin.logentry", "pk": 53, "fields": {"action_time": "2022-11-02T19:24:26.442Z", "user": 1, "content_type": 7, "object_id": "25", "object_repr": "admin", "action_flag": 3, "change_message": ""}}, {"model": "admin.logentry", "pk": 54, "fields": {"action_time": "2022-11-02T19:24:26.446Z", "user": 1, "content_type": 7, "object_id": "24", "object_repr": "admin", "action_flag": 3, "change_message": ""}}, {"model": "admin.logentry", "pk": 55, "fields": {"action_time": "2022-11-02T19:24:26.449Z", "user": 1, "content_type": 7, "object_id": "23", "object_repr": "admin", "action_flag": 3, "change_message": ""}}, {"model": "admin.logentry", "pk": 56, "fields": {"action_time": "2022-11-02T19:25:02.112Z", "user": 1, "content_type": 7, "object_id": "28", "object_repr": "admin", "action_flag": 3, "change_message": ""}}, {"model": "admin.logentry", "pk": 57, "fields": {"action_time": "2022-11-02T19:25:02.115Z", "user": 1, "content_type": 7, "object_id": "27", "object_repr": "admin", "action_flag": 3, "change_message": ""}}, {"model": "admin.logentry", "pk": 58, "fields": {"action_time": "2022-11-02T19:25:02.118Z", "user": 1, "content_type": 7, "object_id": "26", "object_repr": "admin", "action_flag": 3, "change_message": ""}}, {"model": "admin.logentry", "pk": 59, "fields": {"action_time": "2022-11-02T19:26:38.035Z", "user": 1, "content_type": 7, "object_id": "30", "object_repr": "admin", "action_flag": 3, "change_message": ""}}, {"model": "admin.logentry", "pk": 60, "fields": {"action_time": "2022-11-02T19:26:47.654Z", "user": 1, "content_type": 7, "object_id": "31", "object_repr": "admin", "action_flag": 3, "change_message": ""}}, {"model": "admin.logentry", "pk": 61, "fields": {"action_time": "2022-11-02T19:28:38.446Z", "user": 1, "content_type": 7, "object_id": "32", "object_repr": "admin", "action_flag": 3, "change_message": ""}}, {"model": "admin.logentry", "pk": 62, "fields": {"action_time": "2022-11-02T19:39:11.669Z", "user": 1, "content_type": 7, "object_id": "33", "object_repr": "admin", "action_flag": 3, "change_message": ""}}, {"model": "admin.logentry", "pk": 63, "fields": {"action_time": "2022-11-02T19:39:23.783Z", "user": 1, "content_type": 7, "object_id": "34", "object_repr": "admin", "action_flag": 3, "change_message": ""}}, {"model": "admin.logentry", "pk": 64, "fields": {"action_time": "2022-11-02T19:43:14.261Z", "user": 1, "content_type": 7, "object_id": "35", "object_repr": "admin", "action_flag": 3, "change_message": ""}}, {"model": "admin.logentry", "pk": 65, "fields": {"action_time": "2022-11-02T19:43:32.223Z", "user": 1, "content_type": 7, "object_id": "36", "object_repr": "admin", "action_flag": 3, "change_message": ""}}, {"model": "admin.logentry", "pk": 66, "fields": {"action_time": "2022-11-02T19:43:41.696Z", "user": 1, "content_type": 7, "object_id": "37", "object_repr": "admin", "action_flag": 3, "change_message": ""}}, {"model": "admin.logentry", "pk": 67, "fields": {"action_time": "2022-11-02T19:48:27.045Z", "user": 1, "content_type": 7, "object_id": "38", "object_repr": "admin", "action_flag": 3, "change_message": ""}}, {"model": "admin.logentry", "pk": 68, "fields": {"action_time": "2022-11-02T19:50:35.316Z", "user": 1, "content_type": 7, "object_id": "39", "object_repr": "admin", "action_flag": 3, "change_message": ""}}, {"model": "admin.logentry", "pk": 69, "fields": {"action_time": "2022-11-02T19:51:58.795Z", "user": 1, "content_type": 7, "object_id": "40", "object_repr": "admin", "action_flag": 3, "change_message": ""}}, {"model": "admin.logentry", "pk": 70, "fields": {"action_time": "2022-11-02T19:52:47.867Z", "user": 1, "content_type": 7, "object_id": "41", "object_repr": "admin", "action_flag": 3, "change_message": ""}}, {"model": "admin.logentry", "pk": 71, "fields": {"action_time": "2022-11-02T19:52:56.768Z", "user": 1, "content_type": 7, "object_id": "42", "object_repr": "admin", "action_flag": 3, "change_message": ""}}, {"model": "admin.logentry", "pk": 72, "fields": {"action_time": "2022-11-02T19:53:43.373Z", "user": 1, "content_type": 7, "object_id": "43", "object_repr": "admin", "action_flag": 3, "change_message": ""}}, {"model": "admin.logentry", "pk": 73, "fields": {"action_time": "2022-11-02T19:55:17.495Z", "user": 1, "content_type": 7, "object_id": "44", "object_repr": "admin", "action_flag": 3, "change_message": ""}}, {"model": "admin.logentry", "pk": 74, "fields": {"action_time": "2022-11-02T19:55:37.867Z", "user": 1, "content_type": 7, "object_id": "45", "object_repr": "admin", "action_flag": 3, "change_message": ""}}, {"model": "admin.logentry", "pk": 75, "fields": {"action_time": "2022-11-02T19:58:12.024Z", "user": 1, "content_type": 7, "object_id": "46", "object_repr": "admin", "action_flag": 3, "change_message": ""}}, {"model": "admin.logentry", "pk": 76, "fields": {"action_time": "2022-11-02T19:59:42.570Z", "user": 1, "content_type": 7, "object_id": "47", "object_repr": "admin", "action_flag": 3, "change_message": ""}}, {"model": "admin.logentry", "pk": 77, "fields": {"action_time": "2022-11-02T20:26:03.069Z", "user": 1, "content_type": 7, "object_id": "4", "object_repr": "admin, admin", "action_flag": 1, "change_message": "[{\"added\": {}}]"}}, {"model": "admin.logentry", "pk": 78, "fields": {"action_time": "2022-11-02T20:26:07.639Z", "user": 1, "content_type": 7, "object_id": "4", "object_repr": "admin, admin", "action_flag": 3, "change_message": ""}}, {"model": "admin.logentry", "pk": 79, "fields": {"action_time": "2022-11-02T20:38:28.214Z", "user": 1, "content_type": 9, "object_id": "17", "object_repr": "\u041f\u0440\u0438\u0432\u0435\u0442, \u043c\u0438\u0440!", "action_flag": 2, "change_message": "[{\"changed\": {\"fields\": [\"group\"]}}]"}}, {"model": "admin.logentry", "pk": 80, "fields": {"action_time": "2022-11-02T20:38:28.221Z", "user": 1, "content_type": 9, "object_id": "16", "object_repr": "\u042f \u043b\u044e\u0431\u043b\u044e \u043f\u0438\u0441\u0430\u0442\u044c ", "action_flag": 2, "change_message": "[{\"changed\": {\"fields\": [\"group\"]}}]"}}, {"model": "admin.logentry", "pk": 81, "fields": {"action_time": "2022-11-02T20:38:28.229Z", "user": 1, "content_type": 9, "object_id": "15", "object_repr": "\u041f\u0440\u0438\u043d\u0438\u043c\u0430\u044f \u0432\u043e \u0432\u043d\u0438", "action_flag": 2, "change_message": "[{\"changed\": {\"fields\": [\"group\"]}}]"}}, {"model": "admin.logentry", "pk": 82, "fields": {"action_time": "2022-11-02T20:38:28.237Z", "user": 1, "content_type": 9, "object_id": "14", "object_repr": "[\u0421\u0438\u043d\u0435\u0448\u0442\u0438.] \u0420\u0430\u043d\u043e", "action_flag": 2, "change_message": "[{\"changed\": {\"fields\": [\"group\"]}}]"}}, {"model": "admin.logentry", "pk": 83, "fields": {"action_time": "2022-11-02T20:38:28.251Z", "user": 1, "content_type": 9, "object_id": "13", "object_repr": "\u041e\u043f\u044f\u0442\u044c \u043f\u0435\u0440\u0435\u0445\u043e\u0434\u044a,", "action_flag": 2, "change_message": "[{\"changed\": {\"fields\": [\"group\"]}}]"}}, {"model": "admin.logentry", "pk": 84, "fields": {"action_time": "2022-11-02T20:38:28.257Z", "user": 1, "content_type": 9, "object_id": "12", "object_repr": "\u041d\u044b\u043d\u0447\u0435 \u0441\u044a \u0443\u0442\u0440\u0430 \u0445", "action_flag": 2, "change_message": "[{\"changed\": {\"fields\": [\"group\"]}}]"}}, {"model": "admin.logentry", "pk": 85, "fields": {"action_time": "2022-11-02T20:38:28.263Z", "user": 1, "content_type": 9, "object_id": "11", "object_repr": "[\u0411\u0443\u0437\u0435\u043e.] \u041e\u043f\u044f\u0442\u044c ", "action_flag": 2, "change_message": "[{\"changed\": {\"fields\": [\"group\"]}}]"}}, {"model": "admin.logentry", "pk": 86, "fields": {"action_time": "2022-11-02T20:38:28.268Z", "user": 1, "content_type": 9, "object_id": "10", "object_repr": "\u0420\u0430\u043d\u043e \u0432\u044b\u0441\u0442\u0443\u043f\u0438\u043b\u0438 ", "action_flag": 2, "change_message": "[{\"changed\": {\"fields\": [\"group\"]}}]"}}, {"model": "admin.logentry", "pk": 87, "fields": {"action_time": "2022-11-02T20:38:28.274Z", "user": 1, "content_type": 9, "object_id": "9", "object_repr": "[\u041a\u0443\u0440\u0435\u0448\u0442\u0438?] \u0423\u0442\u0440\u043e", "action_flag": 2, "change_message": "[{\"changed\": {\"fields\": [\"group\"]}}]"}}, {"model": "admin.logentry", "pk": 88, "fields": {"action_time": "2022-11-02T20:38:28.279Z", "user": 1, "content_type": 9, "object_id": "8", "object_repr": "\u0426\u0463\u043b\u044b\u0439 \u0434\u0435\u043d\u044c \u043f\u0440\u043e\u0431", "action_flag": 2, "change_message": "[{\"changed\": {\"fields\": [\"group\"]}}]"}}, {"model": "admin.logentry", "pk": 89, "fields": {"action_time": "2022-11-02T20:38:28.284Z", "user": 1, "content_type": 9, "object_id": "7", "object_repr": "\u041f\u0438\u0448\u0443 \u0432\u044a \u0441\u0430\u043c\u043e\u043c\u044a ", "action_flag": 2, "change_message": "[{\"changed\": {\"fields\": [\"group\"]}}]"}}, {"model": "admin.logentry", "pk": 90, "fields": {"action_time": "2022-11-02T20:38:28.289Z", "user": 1, "content_type": 9, "object_id": "6", "object_repr": "\u0418\u0441\u043f\u0440\u0430\u0432\u043b\u0435\u043d\u0456\u0435 \u043c\u043e\u0435", "action_flag": 2, "change_message": "[{\"changed\": {\"fields\": [\"group\"]}}]"}}, {"model": "admin.logentry", "pk": 91, "fields": {"action_time": "2022-11-02T20:38:28.295Z", "user": 1, "content_type": 9, "object_id": "5", "object_repr": "[\u0420\u044b\u043c\u043d\u0438\u043a.] \u0421\u0434\u0463\u043b\u0430", "action_flag": 2, "change_message": "[{\"changed\": {\"fields\": [\"group\"]}}]"}}, {"model": "admin.logentry", "pk": 92, "fields": {"action_time": "2022-11-02T20:38:28.300Z", "user": 1, "content_type": 9, "object_id": "3", "object_repr": "[\u0424\u043e\u043a\u0448\u0430\u043d\u044b.] \u0415\u0449\u0435 ", "action_flag": 2, "change_message": "[{\"changed\": {\"fields\": [\"group\"]}}]"}}, {"model": "admin.logentry", "pk": 93, "fields": {"action_time": "2022-11-02T20:38:53.730Z", "user": 1, "content_type": 10, "object_id": "2", "object_repr": "leo", "action_flag": 2, "change_message": "[{\"changed\": {\"fields\": [\"city\"]}}]"}}, {"model": "admin.logentry", "pk": 94, "fields": {"action_time": "2022-11-02T20:39:04.133Z", "user": 1, "content_type": 10, "object_id": "1", "object_repr": "admin", "action_flag": 2, "change_message": "[{\"changed\": {\"fields\": [\"email\"]}}]"}}, {"model": "admin.logentry", "pk": 95, "fields": {"action_time": "2022-11-02T20:39:15.355Z", "user": 1, "content_type": 7, "object_id": "4", "object_repr": "leo, admin", "action_flag": 1, "change_message": "[{\"added\": {}}]"}}, {"model": "admin.logentry", "pk": 96, "fields": {"action_time": "2022-11-02T20:40:33.515Z", "user": 1, "content_type": 6, "object_id": "16", "object_repr": "string", "action_flag": 3, "change_message": ""}}, {"model": "admin.logentry", "pk": 97, "fields": {"action_time": "2022-11-02T20:40:33.518Z", "user": 1, "content_type": 6, "object_id": "15", "object_repr": "string1", "action_flag": 3, "change_message": ""}}, {"model": "admin.logentry", "pk": 98, "fields": {"action_time": "2022-11-02T20:40:33.521Z", "user": 1, "content_type": 6, "object_id": "14", "object_repr": "Test 3", "action_flag": 3, "change_message": ""}}, {"model": "admin.logentry", "pk": 99, "fields": {"action_time": "2022-11-02T20:40:33.525Z", "user": 1, "content_type": 6, "object_id": "13", "object_repr": "Test 2", "action_flag": 3, "change_message": ""}}, {"model": "admin.logentry", "pk": 100, "fields": {"action_time": "2022-11-02T20:40:33.528Z", "user": 1, "content_type": 6, "object_id": "12", "object_repr": "Test 1", "action_flag": 3, "change_message": ""}}, {"model": "admin.logentry", "pk": 101, "fields": {"action_time": "2022-11-02T20:40:46.751Z", "user": 1, "content_type": 6, "object_id": "18", "object_repr": "\u0418 \u044f \u0442\u043e\u0436\u0435 \u043f\u0435\u0440\u0435\u0434\u0430", "action_flag": 1, "change_message": "[{\"added\": {}}]"}}]